Year,Campus,Discipline,Net Stipend,Source
2007,Berkeley,Engineering & CS,16320,"""Graduate Student Support"" Excel sheets (copy-paste)"
2007,Berkeley,Fine Arts,18560,"""Graduate Student Support"" Excel sheets (copy-paste)"
2007,Berkeley,Health Sciences,18597,"""Graduate Student Support"" Excel sheets (copy-paste)"
2007,Berkeley,Humanities,19160,"""Graduate Student Support"" Excel sheets (copy-paste)"
2007,Berkeley,Life Sciences,22605,"""Graduate Student Support"" Excel sheets (copy-paste)"
2007,Berkeley,Other,19914,"""Graduate Student Support"" Excel sheets (copy-paste)"
2007,Berkeley,Physical Sciences,21526,"""Graduate Student Support"" Excel sheets (copy-paste)"
2007,Berkeley,Professional,13308,"""Graduate Student Support"" Excel sheets (copy-paste)"
2007,Berkeley,Social Sciences,18131,"""Graduate Student Support"" Excel sheets (copy-paste)"
2007,Berkeley,Total,18641,"""Graduate Student Support"" Excel sheets (copy-paste)"
2007,Davis,Engineering & CS,16320,"""Graduate Student Support"" Excel sheets (copy-paste)"
2007,Davis,Fine Arts,18560,"""Graduate Student Support"" Excel sheets (copy-paste)"
2007,Davis,Health Sciences,18597,"""Graduate Student Support"" Excel sheets (copy-paste)"
2007,Davis,Humanities,19160,"""Graduate Student Support"" Excel sheets (copy-paste)"
2007,Davis,Life Sciences,22605,"""Graduate Student Support"" Excel sheets (copy-paste)"
2007,Davis,Other,19914,"""Graduate Student Support"" Excel sheets (copy-paste)"
2007,Davis,Physical Sciences,21526,"""Graduate Student Support"" Excel sheets (copy-paste)"
2007,Davis,Professional,13308,"""Graduate Student Support"" Excel sheets (copy-paste)"
2007,Davis,Social Sciences,18131,"""Graduate Student Support"" Excel sheets (copy-paste)"
2007,Davis,Total,18641,"""Graduate Student Support"" Excel sheets (copy-paste)"
2007,Irvine,Engineering & CS,11330,"""Graduate Student Support"" Excel sheets (copy-paste)"
2007,Irvine,Fine Arts,11466,"""Graduate Student Support"" Excel sheets (copy-paste)"
2007,Irvine,Health Sciences,23133,"""Graduate Student Support"" Excel sheets (copy-paste)"
2007,Irvine,Humanities,13993,"""Graduate Student Support"" Excel sheets (copy-paste)"
2007,Irvine,Life Sciences,22357,"""Graduate Student Support"" Excel sheets (copy-paste)"
2007,Irvine,Other,16759,"""Graduate Student Support"" Excel sheets (copy-paste)"
2007,Irvine,Physical Sciences,19916,"""Graduate Student Support"" Excel sheets (copy-paste)"
2007,Irvine,Professional,5114,"""Graduate Student Support"" Excel sheets (copy-paste)"
2007,Irvine,Social Sciences,15272,"""Graduate Student Support"" Excel sheets (copy-paste)"
2007,Irvine,Total,15500,"""Graduate Student Support"" Excel sheets (copy-paste)"
2007,Los Angeles,Engineering & CS,13482,"""Graduate Student Support"" Excel sheets (copy-paste)"
2007,Los Angeles,Fine Arts,14768,"""Graduate Student Support"" Excel sheets (copy-paste)"
2007,Los Angeles,Health Sciences,20484,"""Graduate Student Support"" Excel sheets (copy-paste)"
2007,Los Angeles,Humanities,17932,"""Graduate Student Support"" Excel sheets (copy-paste)"
2007,Los Angeles,Life Sciences,24036,"""Graduate Student Support"" Excel sheets (copy-paste)"
2007,Los Angeles,Other,21224,"""Graduate Student Support"" Excel sheets (copy-paste)"
2007,Los Angeles,Physical Sciences,21482,"""Graduate Student Support"" Excel sheets (copy-paste)"
2007,Los Angeles,Professional,12844,"""Graduate Student Support"" Excel sheets (copy-paste)"
2007,Los Angeles,Social Sciences,17311,"""Graduate Student Support"" Excel sheets (copy-paste)"
2007,Los Angeles,Total,17716,"""Graduate Student Support"" Excel sheets (copy-paste)"
2007,Merced,Engineering & CS,15674,"""Graduate Student Support"" Excel sheets (copy-paste)"
2007,Merced,Life Sciences,20086,"""Graduate Student Support"" Excel sheets (copy-paste)"
2007,Merced,Other,14283,"""Graduate Student Support"" Excel sheets (copy-paste)"
2007,Merced,Physical Sciences,20219,"""Graduate Student Support"" Excel sheets (copy-paste)"
2007,Merced,Social Sciences,10181,"""Graduate Student Support"" Excel sheets (copy-paste)"
2007,Merced,Total,17187,"""Graduate Student Support"" Excel sheets (copy-paste)"
2007,Riverside,Engineering & CS,15075,"""Graduate Student Support"" Excel sheets (copy-paste)"
2007,Riverside,Fine Arts,5307,"""Graduate Student Support"" Excel sheets (copy-paste)"
2007,Riverside,Humanities,15464,"""Graduate Student Support"" Excel sheets (copy-paste)"
2007,Riverside,Life Sciences,19317,"""Graduate Student Support"" Excel sheets (copy-paste)"
2007,Riverside,Other,19915,"""Graduate Student Support"" Excel sheets (copy-paste)"
2007,Riverside,Physical Sciences,19556,"""Graduate Student Support"" Excel sheets (copy-paste)"
2007,Riverside,Professional,1131,"""Graduate Student Support"" Excel sheets (copy-paste)"
2007,Riverside,Social Sciences,13282,"""Graduate Student Support"" Excel sheets (copy-paste)"
2007,Riverside,Total,15296,"""Graduate Student Support"" Excel sheets (copy-paste)"
2007,San Diego,Engineering & CS,16885,"""Graduate Student Support"" Excel sheets (copy-paste)"
2007,San Diego,Fine Arts,12414,"""Graduate Student Support"" Excel sheets (copy-paste)"
2007,San Diego,Health Sciences,19736,"""Graduate Student Support"" Excel sheets (copy-paste)"
2007,San Diego,Humanities,16237,"""Graduate Student Support"" Excel sheets (copy-paste)"
2007,San Diego,Life Sciences,22178,"""Graduate Student Support"" Excel sheets (copy-paste)"
2007,San Diego,Other,18936,"""Graduate Student Support"" Excel sheets (copy-paste)"
2007,San Diego,Physical Sciences,21059,"""Graduate Student Support"" Excel sheets (copy-paste)"
2007,San Diego,Professional,-5886,"""Graduate Student Support"" Excel sheets (copy-paste)"
2007,San Diego,Social Sciences,17043,"""Graduate Student Support"" Excel sheets (copy-paste)"
2007,San Diego,Total,18021,"""Graduate Student Support"" Excel sheets (copy-paste)"
2007,San Francisco,Health Sciences,20639,"""Graduate Student Support"" Excel sheets (copy-paste)"
2007,San Francisco,Life Sciences,25179,"""Graduate Student Support"" Excel sheets (copy-paste)"
2007,San Francisco,Total,20939,"""Graduate Student Support"" Excel sheets (copy-paste)"
2007,Santa Barbara,Engineering & CS,20087,"""Graduate Student Support"" Excel sheets (copy-paste)"
2007,Santa Barbara,Fine Arts,13625,"""Graduate Student Support"" Excel sheets (copy-paste)"
2007,Santa Barbara,Humanities,13075,"""Graduate Student Support"" Excel sheets (copy-paste)"
2007,Santa Barbara,Life Sciences,21473,"""Graduate Student Support"" Excel sheets (copy-paste)"
2007,Santa Barbara,Other,16917,"""Graduate Student Support"" Excel sheets (copy-paste)"
2007,Santa Barbara,Physical Sciences,20589,"""Graduate Student Support"" Excel sheets (copy-paste)"
2007,Santa Barbara,Professional,3651,"""Graduate Student Support"" Excel sheets (copy-paste)"
2007,Santa Barbara,Social Sciences,13947,"""Graduate Student Support"" Excel sheets (copy-paste)"
2007,Santa Barbara,Total,15976,"""Graduate Student Support"" Excel sheets (copy-paste)"
2007,Santa Cruz,Engineering & CS,10522,"""Graduate Student Support"" Excel sheets (copy-paste)"
2007,Santa Cruz,Fine Arts,14030,"""Graduate Student Support"" Excel sheets (copy-paste)"
2007,Santa Cruz,Humanities,16574,"""Graduate Student Support"" Excel sheets (copy-paste)"
2007,Santa Cruz,Life Sciences,17926,"""Graduate Student Support"" Excel sheets (copy-paste)"
2007,Santa Cruz,Other,14944,"""Graduate Student Support"" Excel sheets (copy-paste)"
2007,Santa Cruz,Physical Sciences,19589,"""Graduate Student Support"" Excel sheets (copy-paste)"
2007,Santa Cruz,Professional,7259,"""Graduate Student Support"" Excel sheets (copy-paste)"
2007,Santa Cruz,Social Sciences,13854,"""Graduate Student Support"" Excel sheets (copy-paste)"
2007,Santa Cruz,Total,15275,"""Graduate Student Support"" Excel sheets (copy-paste)"
2008,Berkeley,Engineering & CS,16444,"""Graduate Student Support"" Excel sheets (copy-paste)"
2008,Berkeley,Fine Arts,19074,"""Graduate Student Support"" Excel sheets (copy-paste)"
2008,Berkeley,Health Sciences,20002,"""Graduate Student Support"" Excel sheets (copy-paste)"
2008,Berkeley,Humanities,19270,"""Graduate Student Support"" Excel sheets (copy-paste)"
2008,Berkeley,Life Sciences,22959,"""Graduate Student Support"" Excel sheets (copy-paste)"
2008,Berkeley,Other,18372,"""Graduate Student Support"" Excel sheets (copy-paste)"
2008,Berkeley,Physical Sciences,22427,"""Graduate Student Support"" Excel sheets (copy-paste)"
2008,Berkeley,Professional,13950,"""Graduate Student Support"" Excel sheets (copy-paste)"
2008,Berkeley,Social Sciences,18724,"""Graduate Student Support"" Excel sheets (copy-paste)"
2008,Berkeley,Total,19035,"""Graduate Student Support"" Excel sheets (copy-paste)"
2008,Davis,Engineering & CS,12558,"""Graduate Student Support"" Excel sheets (copy-paste)"
2008,Davis,Fine Arts,10683,"""Graduate Student Support"" Excel sheets (copy-paste)"
2008,Davis,Health Sciences,18540,"""Graduate Student Support"" Excel sheets (copy-paste)"
2008,Davis,Humanities,17120,"""Graduate Student Support"" Excel sheets (copy-paste)"
2008,Davis,Life Sciences,18229,"""Graduate Student Support"" Excel sheets (copy-paste)"
2008,Davis,Other,16136,"""Graduate Student Support"" Excel sheets (copy-paste)"
2008,Davis,Physical Sciences,17404,"""Graduate Student Support"" Excel sheets (copy-paste)"
2008,Davis,Professional,1467,"""Graduate Student Support"" Excel sheets (copy-paste)"
2008,Davis,Social Sciences,14379,"""Graduate Student Support"" Excel sheets (copy-paste)"
2008,Davis,Total,15494,"""Graduate Student Support"" Excel sheets (copy-paste)"
2008,Irvine,Engineering & CS,10268,"""Graduate Student Support"" Excel sheets (copy-paste)"
2008,Irvine,Fine Arts,10801,"""Graduate Student Support"" Excel sheets (copy-paste)"
2008,Irvine,Health Sciences,23378,"""Graduate Student Support"" Excel sheets (copy-paste)"
2008,Irvine,Humanities,15063,"""Graduate Student Support"" Excel sheets (copy-paste)"
2008,Irvine,Life Sciences,22623,"""Graduate Student Support"" Excel sheets (copy-paste)"
2008,Irvine,Other,18879,"""Graduate Student Support"" Excel sheets (copy-paste)"
2008,Irvine,Physical Sciences,19836,"""Graduate Student Support"" Excel sheets (copy-paste)"
2008,Irvine,Professional,9717,"""Graduate Student Support"" Excel sheets (copy-paste)"
2008,Irvine,Social Sciences,14108,"""Graduate Student Support"" Excel sheets (copy-paste)"
2008,Irvine,Total,15498,"""Graduate Student Support"" Excel sheets (copy-paste)"
2008,Los Angeles,Engineering & CS,14334,"""Graduate Student Support"" Excel sheets (copy-paste)"
2008,Los Angeles,Fine Arts,13669,"""Graduate Student Support"" Excel sheets (copy-paste)"
2008,Los Angeles,Health Sciences,21020,"""Graduate Student Support"" Excel sheets (copy-paste)"
2008,Los Angeles,Humanities,18230,"""Graduate Student Support"" Excel sheets (copy-paste)"
2008,Los Angeles,Life Sciences,23310,"""Graduate Student Support"" Excel sheets (copy-paste)"
2008,Los Angeles,Other,16949,"""Graduate Student Support"" Excel sheets (copy-paste)"
2008,Los Angeles,Physical Sciences,21987,"""Graduate Student Support"" Excel sheets (copy-paste)"
2008,Los Angeles,Professional,11531,"""Graduate Student Support"" Excel sheets (copy-paste)"
2008,Los Angeles,Social Sciences,16195,"""Graduate Student Support"" Excel sheets (copy-paste)"
2008,Los Angeles,Total,17439,"""Graduate Student Support"" Excel sheets (copy-paste)"
2008,Merced,Engineering & CS,14890,"""Graduate Student Support"" Excel sheets (copy-paste)"
2008,Merced,Life Sciences,17311,"""Graduate Student Support"" Excel sheets (copy-paste)"
2008,Merced,Other,14402,"""Graduate Student Support"" Excel sheets (copy-paste)"
2008,Merced,Physical Sciences,17740,"""Graduate Student Support"" Excel sheets (copy-paste)"
2008,Merced,Social Sciences,10149,"""Graduate Student Support"" Excel sheets (copy-paste)"
2008,Merced,Total,15695,"""Graduate Student Support"" Excel sheets (copy-paste)"
2008,Riverside,Engineering & CS,15437,"""Graduate Student Support"" Excel sheets (copy-paste)"
2008,Riverside,Fine Arts,4689,"""Graduate Student Support"" Excel sheets (copy-paste)"
2008,Riverside,Humanities,16194,"""Graduate Student Support"" Excel sheets (copy-paste)"
2008,Riverside,Life Sciences,19849,"""Graduate Student Support"" Excel sheets (copy-paste)"
2008,Riverside,Other,15820,"""Graduate Student Support"" Excel sheets (copy-paste)"
2008,Riverside,Physical Sciences,19833,"""Graduate Student Support"" Excel sheets (copy-paste)"
2008,Riverside,Professional,318,"""Graduate Student Support"" Excel sheets (copy-paste)"
2008,Riverside,Social Sciences,12795,"""Graduate Student Support"" Excel sheets (copy-paste)"
2008,Riverside,Total,15476,"""Graduate Student Support"" Excel sheets (copy-paste)"
2008,San Diego,Engineering & CS,17295,"""Graduate Student Support"" Excel sheets (copy-paste)"
2008,San Diego,Fine Arts,12864,"""Graduate Student Support"" Excel sheets (copy-paste)"
2008,San Diego,Health Sciences,23380,"""Graduate Student Support"" Excel sheets (copy-paste)"
2008,San Diego,Humanities,16720,"""Graduate Student Support"" Excel sheets (copy-paste)"
2008,San Diego,Life Sciences,22354,"""Graduate Student Support"" Excel sheets (copy-paste)"
2008,San Diego,Other,21842,"""Graduate Student Support"" Excel sheets (copy-paste)"
2008,San Diego,Physical Sciences,21727,"""Graduate Student Support"" Excel sheets (copy-paste)"
2008,San Diego,Professional,-4969,"""Graduate Student Support"" Excel sheets (copy-paste)"
2008,San Diego,Social Sciences,17350,"""Graduate Student Support"" Excel sheets (copy-paste)"
2008,San Diego,Total,18494,"""Graduate Student Support"" Excel sheets (copy-paste)"
2008,San Francisco,Health Sciences,20411,"""Graduate Student Support"" Excel sheets (copy-paste)"
2008,San Francisco,Life Sciences,25627,"""Graduate Student Support"" Excel sheets (copy-paste)"
2008,San Francisco,Total,21345,"""Graduate Student Support"" Excel sheets (copy-paste)"
2008,Santa Barbara,Engineering & CS,21128,"""Graduate Student Support"" Excel sheets (copy-paste)"
2008,Santa Barbara,Fine Arts,14153,"""Graduate Student Support"" Excel sheets (copy-paste)"
2008,Santa Barbara,Humanities,14296,"""Graduate Student Support"" Excel sheets (copy-paste)"
2008,Santa Barbara,Life Sciences,22379,"""Graduate Student Support"" Excel sheets (copy-paste)"
2008,Santa Barbara,Other,17076,"""Graduate Student Support"" Excel sheets (copy-paste)"
2008,Santa Barbara,Physical Sciences,20240,"""Graduate Student Support"" Excel sheets (copy-paste)"
2008,Santa Barbara,Professional,2640,"""Graduate Student Support"" Excel sheets (copy-paste)"
2008,Santa Barbara,Social Sciences,14505,"""Graduate Student Support"" Excel sheets (copy-paste)"
2008,Santa Barbara,Total,16257,"""Graduate Student Support"" Excel sheets (copy-paste)"
2008,Santa Cruz,Engineering & CS,9741,"""Graduate Student Support"" Excel sheets (copy-paste)"
2008,Santa Cruz,Fine Arts,15373,"""Graduate Student Support"" Excel sheets (copy-paste)"
2008,Santa Cruz,Humanities,15903,"""Graduate Student Support"" Excel sheets (copy-paste)"
2008,Santa Cruz,Life Sciences,20089,"""Graduate Student Support"" Excel sheets (copy-paste)"
2008,Santa Cruz,Other,14947,"""Graduate Student Support"" Excel sheets (copy-paste)"
2008,Santa Cruz,Physical Sciences,19479,"""Graduate Student Support"" Excel sheets (copy-paste)"
2008,Santa Cruz,Professional,7542,"""Graduate Student Support"" Excel sheets (copy-paste)"
2008,Santa Cruz,Social Sciences,14359,"""Graduate Student Support"" Excel sheets (copy-paste)"
2008,Santa Cruz,Total,15376,"""Graduate Student Support"" Excel sheets (copy-paste)"
2009,Berkeley,Engineering & CS,16943,"""Graduate Student Support"" Excel sheets (copy-paste)"
2009,Berkeley,Fine Arts,18114,"""Graduate Student Support"" Excel sheets (copy-paste)"
2009,Berkeley,Health Sciences,18129,"""Graduate Student Support"" Excel sheets (copy-paste)"
2009,Berkeley,Humanities,19013,"""Graduate Student Support"" Excel sheets (copy-paste)"
2009,Berkeley,Life Sciences,22920,"""Graduate Student Support"" Excel sheets (copy-paste)"
2009,Berkeley,Other,19789,"""Graduate Student Support"" Excel sheets (copy-paste)"
2009,Berkeley,Physical Sciences,22528,"""Graduate Student Support"" Excel sheets (copy-paste)"
2009,Berkeley,Professional,12865,"""Graduate Student Support"" Excel sheets (copy-paste)"
2009,Berkeley,Social Sciences,18164,"""Graduate Student Support"" Excel sheets (copy-paste)"
2009,Berkeley,Total,19047,"""Graduate Student Support"" Excel sheets (copy-paste)"
2009,Davis,Engineering & CS,13193,"""Graduate Student Support"" Excel sheets (copy-paste)"
2009,Davis,Fine Arts,10599,"""Graduate Student Support"" Excel sheets (copy-paste)"
2009,Davis,Humanities,16180,"""Graduate Student Support"" Excel sheets (copy-paste)"
2009,Davis,Life Sciences,17461,"""Graduate Student Support"" Excel sheets (copy-paste)"
2009,Davis,Other,14418,"""Graduate Student Support"" Excel sheets (copy-paste)"
2009,Davis,Physical Sciences,18601,"""Graduate Student Support"" Excel sheets (copy-paste)"
2009,Davis,Professional,3171,"""Graduate Student Support"" Excel sheets (copy-paste)"
2009,Davis,Social Sciences,14533,"""Graduate Student Support"" Excel sheets (copy-paste)"
2009,Davis,Total,15329,"""Graduate Student Support"" Excel sheets (copy-paste)"
2009,Irvine,Engineering & CS,9812,"""Graduate Student Support"" Excel sheets (copy-paste)"
2009,Irvine,Fine Arts,11834,"""Graduate Student Support"" Excel sheets (copy-paste)"
2009,Irvine,Humanities,14552,"""Graduate Student Support"" Excel sheets (copy-paste)"
2009,Irvine,Life Sciences,22062,"""Graduate Student Support"" Excel sheets (copy-paste)"
2009,Irvine,Other,15631,"""Graduate Student Support"" Excel sheets (copy-paste)"
2009,Irvine,Physical Sciences,19320,"""Graduate Student Support"" Excel sheets (copy-paste)"
2009,Irvine,Professional,13234,"""Graduate Student Support"" Excel sheets (copy-paste)"
2009,Irvine,Social Sciences,15402,"""Graduate Student Support"" Excel sheets (copy-paste)"
2009,Irvine,Total,15486,"""Graduate Student Support"" Excel sheets (copy-paste)"
2009,Los Angeles,Engineering & CS,13349,"""Graduate Student Support"" Excel sheets (copy-paste)"
2009,Los Angeles,Fine Arts,13036,"""Graduate Student Support"" Excel sheets (copy-paste)"
2009,Los Angeles,Health Sciences,12229,"""Graduate Student Support"" Excel sheets (copy-paste)"
2009,Los Angeles,Humanities,17396,"""Graduate Student Support"" Excel sheets (copy-paste)"
2009,Los Angeles,Life Sciences,24214,"""Graduate Student Support"" Excel sheets (copy-paste)"
2009,Los Angeles,Other,17688,"""Graduate Student Support"" Excel sheets (copy-paste)"
2009,Los Angeles,Physical Sciences,23117,"""Graduate Student Support"" Excel sheets (copy-paste)"
2009,Los Angeles,Professional,12073,"""Graduate Student Support"" Excel sheets (copy-paste)"
2009,Los Angeles,Social Sciences,16996,"""Graduate Student Support"" Excel sheets (copy-paste)"
2009,Los Angeles,Total,17584,"""Graduate Student Support"" Excel sheets (copy-paste)"
2009,Merced,Engineering & CS,17939,"""Graduate Student Support"" Excel sheets (copy-paste)"
2009,Merced,Life Sciences,19750,"""Graduate Student Support"" Excel sheets (copy-paste)"
2009,Merced,Other,21191,"""Graduate Student Support"" Excel sheets (copy-paste)"
2009,Merced,Physical Sciences,16263,"""Graduate Student Support"" Excel sheets (copy-paste)"
2009,Merced,Social Sciences,13028,"""Graduate Student Support"" Excel sheets (copy-paste)"
2009,Merced,Total,18295,"""Graduate Student Support"" Excel sheets (copy-paste)"
2009,Riverside,Engineering & CS,15692,"""Graduate Student Support"" Excel sheets (copy-paste)"
2009,Riverside,Fine Arts,-42,"""Graduate Student Support"" Excel sheets (copy-paste)"
2009,Riverside,Humanities,16723,"""Graduate Student Support"" Excel sheets (copy-paste)"
2009,Riverside,Life Sciences,19169,"""Graduate Student Support"" Excel sheets (copy-paste)"
2009,Riverside,Physical Sciences,20051,"""Graduate Student Support"" Excel sheets (copy-paste)"
2009,Riverside,Professional,1802,"""Graduate Student Support"" Excel sheets (copy-paste)"
2009,Riverside,Social Sciences,10982,"""Graduate Student Support"" Excel sheets (copy-paste)"
2009,Riverside,Total,15006,"""Graduate Student Support"" Excel sheets (copy-paste)"
2009,San Diego,Engineering & CS,17182,"""Graduate Student Support"" Excel sheets (copy-paste)"
2009,San Diego,Fine Arts,12180,"""Graduate Student Support"" Excel sheets (copy-paste)"
2009,San Diego,Humanities,17093,"""Graduate Student Support"" Excel sheets (copy-paste)"
2009,San Diego,Life Sciences,23230,"""Graduate Student Support"" Excel sheets (copy-paste)"
2009,San Diego,Other,20238,"""Graduate Student Support"" Excel sheets (copy-paste)"
2009,San Diego,Physical Sciences,22076,"""Graduate Student Support"" Excel sheets (copy-paste)"
2009,San Diego,Professional,3754,"""Graduate Student Support"" Excel sheets (copy-paste)"
2009,San Diego,Social Sciences,17687,"""Graduate Student Support"" Excel sheets (copy-paste)"
2009,San Diego,Total,18712,"""Graduate Student Support"" Excel sheets (copy-paste)"
2009,San Francisco,Engineering & CS,14962,"""Graduate Student Support"" Excel sheets (copy-paste)"
2009,San Francisco,Health Sciences,11054,"""Graduate Student Support"" Excel sheets (copy-paste)"
2009,San Francisco,Life Sciences,15958,"""Graduate Student Support"" Excel sheets (copy-paste)"
2009,San Francisco,Social Sciences,-391,"""Graduate Student Support"" Excel sheets (copy-paste)"
2009,San Francisco,Total,13823,"""Graduate Student Support"" Excel sheets (copy-paste)"
2009,Santa Barbara,Engineering & CS,21147,"""Graduate Student Support"" Excel sheets (copy-paste)"
2009,Santa Barbara,Fine Arts,11981,"""Graduate Student Support"" Excel sheets (copy-paste)"
2009,Santa Barbara,Humanities,13738,"""Graduate Student Support"" Excel sheets (copy-paste)"
2009,Santa Barbara,Life Sciences,20716,"""Graduate Student Support"" Excel sheets (copy-paste)"
2009,Santa Barbara,Other,14210,"""Graduate Student Support"" Excel sheets (copy-paste)"
2009,Santa Barbara,Physical Sciences,20891,"""Graduate Student Support"" Excel sheets (copy-paste)"
2009,Santa Barbara,Professional,2420,"""Graduate Student Support"" Excel sheets (copy-paste)"
2009,Santa Barbara,Social Sciences,12356,"""Graduate Student Support"" Excel sheets (copy-paste)"
2009,Santa Barbara,Total,15580,"""Graduate Student Support"" Excel sheets (copy-paste)"
2009,Santa Cruz,Engineering & CS,11556,"""Graduate Student Support"" Excel sheets (copy-paste)"
2009,Santa Cruz,Fine Arts,11823,"""Graduate Student Support"" Excel sheets (copy-paste)"
2009,Santa Cruz,Humanities,15374,"""Graduate Student Support"" Excel sheets (copy-paste)"
2009,Santa Cruz,Life Sciences,18020,"""Graduate Student Support"" Excel sheets (copy-paste)"
2009,Santa Cruz,Other,16479,"""Graduate Student Support"" Excel sheets (copy-paste)"
2009,Santa Cruz,Physical Sciences,20205,"""Graduate Student Support"" Excel sheets (copy-paste)"
2009,Santa Cruz,Professional,12119,"""Graduate Student Support"" Excel sheets (copy-paste)"
2009,Santa Cruz,Social Sciences,12634,"""Graduate Student Support"" Excel sheets (copy-paste)"
2009,Santa Cruz,Total,15667,"""Graduate Student Support"" Excel sheets (copy-paste)"
2010,Berkeley,Engineering & CS,22542,"""Graduate Student Support"" Excel sheets (copy-paste)"
2010,Berkeley,Fine Arts,19320,"""Graduate Student Support"" Excel sheets (copy-paste)"
2010,Berkeley,Health Sciences,17622,"""Graduate Student Support"" Excel sheets (copy-paste)"
2010,Berkeley,Humanities,19506,"""Graduate Student Support"" Excel sheets (copy-paste)"
2010,Berkeley,Life Sciences,25227,"""Graduate Student Support"" Excel sheets (copy-paste)"
2010,Berkeley,Other,20034,"""Graduate Student Support"" Excel sheets (copy-paste)"
2010,Berkeley,Physical Sciences,23614,"""Graduate Student Support"" Excel sheets (copy-paste)"
2010,Berkeley,Professional,14950,"""Graduate Student Support"" Excel sheets (copy-paste)"
2010,Berkeley,Social Sciences,20150,"""Graduate Student Support"" Excel sheets (copy-paste)"
2010,Berkeley,Total,21514,"""Graduate Student Support"" Excel sheets (copy-paste)"
2010,Davis,Engineering & CS,14543,"""Graduate Student Support"" Excel sheets (copy-paste)"
2010,Davis,Fine Arts,13777,"""Graduate Student Support"" Excel sheets (copy-paste)"
2010,Davis,Health Sciences,49779,"""Graduate Student Support"" Excel sheets (copy-paste)"
2010,Davis,Humanities,17842,"""Graduate Student Support"" Excel sheets (copy-paste)"
2010,Davis,Life Sciences,19393,"""Graduate Student Support"" Excel sheets (copy-paste)"
2010,Davis,Other,16384,"""Graduate Student Support"" Excel sheets (copy-paste)"
2010,Davis,Physical Sciences,20502,"""Graduate Student Support"" Excel sheets (copy-paste)"
2010,Davis,Professional,2151,"""Graduate Student Support"" Excel sheets (copy-paste)"
2010,Davis,Social Sciences,16043,"""Graduate Student Support"" Excel sheets (copy-paste)"
2010,Davis,Total,16949,"""Graduate Student Support"" Excel sheets (copy-paste)"
2010,Irvine,Engineering & CS,14508,"""Graduate Student Support"" Excel sheets (copy-paste)"
2010,Irvine,Fine Arts,13752,"""Graduate Student Support"" Excel sheets (copy-paste)"
2010,Irvine,Humanities,15551,"""Graduate Student Support"" Excel sheets (copy-paste)"
2010,Irvine,Life Sciences,25479,"""Graduate Student Support"" Excel sheets (copy-paste)"
2010,Irvine,Other,19742,"""Graduate Student Support"" Excel sheets (copy-paste)"
2010,Irvine,Physical Sciences,21336,"""Graduate Student Support"" Excel sheets (copy-paste)"
2010,Irvine,Professional,17818,"""Graduate Student Support"" Excel sheets (copy-paste)"
2010,Irvine,Social Sciences,17661,"""Graduate Student Support"" Excel sheets (copy-paste)"
2010,Irvine,Total,18467,"""Graduate Student Support"" Excel sheets (copy-paste)"
2010,Los Angeles,Engineering & CS,13050,"""Graduate Student Support"" Excel sheets (copy-paste)"
2010,Los Angeles,Fine Arts,14868,"""Graduate Student Support"" Excel sheets (copy-paste)"
2010,Los Angeles,Health Sciences,16294,"""Graduate Student Support"" Excel sheets (copy-paste)"
2010,Los Angeles,Humanities,19281,"""Graduate Student Support"" Excel sheets (copy-paste)"
2010,Los Angeles,Life Sciences,25436,"""Graduate Student Support"" Excel sheets (copy-paste)"
2010,Los Angeles,Other,13557,"""Graduate Student Support"" Excel sheets (copy-paste)"
2010,Los Angeles,Physical Sciences,24364,"""Graduate Student Support"" Excel sheets (copy-paste)"
2010,Los Angeles,Professional,14191,"""Graduate Student Support"" Excel sheets (copy-paste)"
2010,Los Angeles,Social Sciences,18580,"""Graduate Student Support"" Excel sheets (copy-paste)"
2010,Los Angeles,Total,18771,"""Graduate Student Support"" Excel sheets (copy-paste)"
2010,Merced,Engineering & CS,21407,"""Graduate Student Support"" Excel sheets (copy-paste)"
2010,Merced,Life Sciences,25381,"""Graduate Student Support"" Excel sheets (copy-paste)"
2010,Merced,Other,20641,"""Graduate Student Support"" Excel sheets (copy-paste)"
2010,Merced,Physical Sciences,20098,"""Graduate Student Support"" Excel sheets (copy-paste)"
2010,Merced,Social Sciences,17079,"""Graduate Student Support"" Excel sheets (copy-paste)"
2010,Merced,Total,21587,"""Graduate Student Support"" Excel sheets (copy-paste)"
2010,Merced,Joint/Unknown,21867,"""Graduate Student Support"" Excel sheets (copy-paste)"
2010,Riverside,Engineering & CS,15715,"""Graduate Student Support"" Excel sheets (copy-paste)"
2010,Riverside,Fine Arts,2960,"""Graduate Student Support"" Excel sheets (copy-paste)"
2010,Riverside,Humanities,17210,"""Graduate Student Support"" Excel sheets (copy-paste)"
2010,Riverside,Life Sciences,20782,"""Graduate Student Support"" Excel sheets (copy-paste)"
2010,Riverside,Physical Sciences,20761,"""Graduate Student Support"" Excel sheets (copy-paste)"
2010,Riverside,Professional,-289,"""Graduate Student Support"" Excel sheets (copy-paste)"
2010,Riverside,Social Sciences,11056,"""Graduate Student Support"" Excel sheets (copy-paste)"
2010,Riverside,Total,15740,"""Graduate Student Support"" Excel sheets (copy-paste)"
2010,San Diego,Engineering & CS,17966,"""Graduate Student Support"" Excel sheets (copy-paste)"
2010,San Diego,Fine Arts,13276,"""Graduate Student Support"" Excel sheets (copy-paste)"
2010,San Diego,Humanities,17173,"""Graduate Student Support"" Excel sheets (copy-paste)"
2010,San Diego,Life Sciences,23984,"""Graduate Student Support"" Excel sheets (copy-paste)"
2010,San Diego,Other,21721,"""Graduate Student Support"" Excel sheets (copy-paste)"
2010,San Diego,Physical Sciences,22855,"""Graduate Student Support"" Excel sheets (copy-paste)"
2010,San Diego,Professional,4412,"""Graduate Student Support"" Excel sheets (copy-paste)"
2010,San Diego,Social Sciences,19119,"""Graduate Student Support"" Excel sheets (copy-paste)"
2010,San Diego,Total,19577,"""Graduate Student Support"" Excel sheets (copy-paste)"
2010,San Francisco,Engineering & CS,24829,"""Graduate Student Support"" Excel sheets (copy-paste)"
2010,San Francisco,Health Sciences,14778,"""Graduate Student Support"" Excel sheets (copy-paste)"
2010,San Francisco,Life Sciences,24436,"""Graduate Student Support"" Excel sheets (copy-paste)"
2010,San Francisco,Social Sciences,8593,"""Graduate Student Support"" Excel sheets (copy-paste)"
2010,San Francisco,Total,21094,"""Graduate Student Support"" Excel sheets (copy-paste)"
2010,Santa Barbara,Engineering & CS,22256,"""Graduate Student Support"" Excel sheets (copy-paste)"
2010,Santa Barbara,Fine Arts,12876,"""Graduate Student Support"" Excel sheets (copy-paste)"
2010,Santa Barbara,Humanities,14363,"""Graduate Student Support"" Excel sheets (copy-paste)"
2010,Santa Barbara,Life Sciences,21451,"""Graduate Student Support"" Excel sheets (copy-paste)"
2010,Santa Barbara,Other,16464,"""Graduate Student Support"" Excel sheets (copy-paste)"
2010,Santa Barbara,Physical Sciences,22154,"""Graduate Student Support"" Excel sheets (copy-paste)"
2010,Santa Barbara,Professional,2613,"""Graduate Student Support"" Excel sheets (copy-paste)"
2010,Santa Barbara,Social Sciences,13919,"""Graduate Student Support"" Excel sheets (copy-paste)"
2010,Santa Barbara,Total,16767,"""Graduate Student Support"" Excel sheets (copy-paste)"
2010,Santa Cruz,Engineering & CS,13478,"""Graduate Student Support"" Excel sheets (copy-paste)"
2010,Santa Cruz,Fine Arts,17020,"""Graduate Student Support"" Excel sheets (copy-paste)"
2010,Santa Cruz,Humanities,16136,"""Graduate Student Support"" Excel sheets (copy-paste)"
2010,Santa Cruz,Life Sciences,18181,"""Graduate Student Support"" Excel sheets (copy-paste)"
2010,Santa Cruz,Other,14580,"""Graduate Student Support"" Excel sheets (copy-paste)"
2010,Santa Cruz,Physical Sciences,21087,"""Graduate Student Support"" Excel sheets (copy-paste)"
2010,Santa Cruz,Professional,6977,"""Graduate Student Support"" Excel sheets (copy-paste)"
2010,Santa Cruz,Social Sciences,13703,"""Graduate Student Support"" Excel sheets (copy-paste)"
2010,Santa Cruz,Total,16614,"""Graduate Student Support"" Excel sheets (copy-paste)"
2011,Berkeley,Engineering & CS,22919,"""Graduate Student Support"" Excel sheets (copy-paste)"
2011,Berkeley,Fine Arts,20465,"""Graduate Student Support"" Excel sheets (copy-paste)"
2011,Berkeley,Health Sciences,20896,"""Graduate Student Support"" Excel sheets (copy-paste)"
2011,Berkeley,Humanities,21408,"""Graduate Student Support"" Excel sheets (copy-paste)"
2011,Berkeley,Life Sciences,25030,"""Graduate Student Support"" Excel sheets (copy-paste)"
2011,Berkeley,Other,21825,"""Graduate Student Support"" Excel sheets (copy-paste)"
2011,Berkeley,Physical Sciences,25771,"""Graduate Student Support"" Excel sheets (copy-paste)"
2011,Berkeley,Professional,16219,"""Graduate Student Support"" Excel sheets (copy-paste)"
2011,Berkeley,Social Sciences,21260,"""Graduate Student Support"" Excel sheets (copy-paste)"
2011,Berkeley,Total,22613,"""Graduate Student Support"" Excel sheets (copy-paste)"
2011,Davis,Engineering & CS,15758,"""Graduate Student Support"" Excel sheets (copy-paste)"
2011,Davis,Fine Arts,15186,"""Graduate Student Support"" Excel sheets (copy-paste)"
2011,Davis,Health Sciences,48329,"""Graduate Student Support"" Excel sheets (copy-paste)"
2011,Davis,Humanities,18223,"""Graduate Student Support"" Excel sheets (copy-paste)"
2011,Davis,Life Sciences,20044,"""Graduate Student Support"" Excel sheets (copy-paste)"
2011,Davis,Other,17063,"""Graduate Student Support"" Excel sheets (copy-paste)"
2011,Davis,Physical Sciences,21240,"""Graduate Student Support"" Excel sheets (copy-paste)"
2011,Davis,Professional,11900,"""Graduate Student Support"" Excel sheets (copy-paste)"
2011,Davis,Social Sciences,16444,"""Graduate Student Support"" Excel sheets (copy-paste)"
2011,Davis,Total,18421,"""Graduate Student Support"" Excel sheets (copy-paste)"
2011,Irvine,Engineering & CS,13785,"""Graduate Student Support"" Excel sheets (copy-paste)"
2011,Irvine,Fine Arts,12376,"""Graduate Student Support"" Excel sheets (copy-paste)"
2011,Irvine,Humanities,15198,"""Graduate Student Support"" Excel sheets (copy-paste)"
2011,Irvine,Life Sciences,25503,"""Graduate Student Support"" Excel sheets (copy-paste)"
2011,Irvine,Other,19912,"""Graduate Student Support"" Excel sheets (copy-paste)"
2011,Irvine,Physical Sciences,22745,"""Graduate Student Support"" Excel sheets (copy-paste)"
2011,Irvine,Professional,19088,"""Graduate Student Support"" Excel sheets (copy-paste)"
2011,Irvine,Social Sciences,16237,"""Graduate Student Support"" Excel sheets (copy-paste)"
2011,Irvine,Total,18287,"""Graduate Student Support"" Excel sheets (copy-paste)"
2011,Los Angeles,Engineering & CS,15339,"""Graduate Student Support"" Excel sheets (copy-paste)"
2011,Los Angeles,Fine Arts,15160,"""Graduate Student Support"" Excel sheets (copy-paste)"
2011,Los Angeles,Health Sciences,15877,"""Graduate Student Support"" Excel sheets (copy-paste)"
2011,Los Angeles,Humanities,21427,"""Graduate Student Support"" Excel sheets (copy-paste)"
2011,Los Angeles,Life Sciences,26169,"""Graduate Student Support"" Excel sheets (copy-paste)"
2011,Los Angeles,Other,15128,"""Graduate Student Support"" Excel sheets (copy-paste)"
2011,Los Angeles,Physical Sciences,26502,"""Graduate Student Support"" Excel sheets (copy-paste)"
2011,Los Angeles,Professional,15461,"""Graduate Student Support"" Excel sheets (copy-paste)"
2011,Los Angeles,Social Sciences,20342,"""Graduate Student Support"" Excel sheets (copy-paste)"
2011,Los Angeles,Total,20346,"""Graduate Student Support"" Excel sheets (copy-paste)"
2011,Merced,Engineering & CS,25246,"""Graduate Student Support"" Excel sheets (copy-paste)"
2011,Merced,Life Sciences,23673,"""Graduate Student Support"" Excel sheets (copy-paste)"
2011,Merced,Other,22232,"""Graduate Student Support"" Excel sheets (copy-paste)"
2011,Merced,Physical Sciences,21470,"""Graduate Student Support"" Excel sheets (copy-paste)"
2011,Merced,Social Sciences,20348,"""Graduate Student Support"" Excel sheets (copy-paste)"
2011,Merced,Total,23051,"""Graduate Student Support"" Excel sheets (copy-paste)"
2011,Riverside,Engineering & CS,15224,"""Graduate Student Support"" Excel sheets (copy-paste)"
2011,Riverside,Fine Arts,1109,"""Graduate Student Support"" Excel sheets (copy-paste)"
2011,Riverside,Humanities,18344,"""Graduate Student Support"" Excel sheets (copy-paste)"
2011,Riverside,Life Sciences,19472,"""Graduate Student Support"" Excel sheets (copy-paste)"
2011,Riverside,Physical Sciences,20855,"""Graduate Student Support"" Excel sheets (copy-paste)"
2011,Riverside,Professional,1010,"""Graduate Student Support"" Excel sheets (copy-paste)"
2011,Riverside,Social Sciences,12299,"""Graduate Student Support"" Excel sheets (copy-paste)"
2011,Riverside,Total,15808,"""Graduate Student Support"" Excel sheets (copy-paste)"
2011,San Diego,Engineering & CS,17779,"""Graduate Student Support"" Excel sheets (copy-paste)"
2011,San Diego,Fine Arts,13098,"""Graduate Student Support"" Excel sheets (copy-paste)"
2011,San Diego,Health Sciences,44269,"""Graduate Student Support"" Excel sheets (copy-paste)"
2011,San Diego,Humanities,20761,"""Graduate Student Support"" Excel sheets (copy-paste)"
2011,San Diego,Life Sciences,24591,"""Graduate Student Support"" Excel sheets (copy-paste)"
2011,San Diego,Other,24350,"""Graduate Student Support"" Excel sheets (copy-paste)"
2011,San Diego,Physical Sciences,23476,"""Graduate Student Support"" Excel sheets (copy-paste)"
2011,San Diego,Professional,4816,"""Graduate Student Support"" Excel sheets (copy-paste)"
2011,San Diego,Social Sciences,18667,"""Graduate Student Support"" Excel sheets (copy-paste)"
2011,San Diego,Total,19859,"""Graduate Student Support"" Excel sheets (copy-paste)"
2011,San Diego,Joint/Unknown,20463,"""Graduate Student Support"" Excel sheets (copy-paste)"
2011,San Francisco,Engineering & CS,27594,"""Graduate Student Support"" Excel sheets (copy-paste)"
2011,San Francisco,Health Sciences,10611,"""Graduate Student Support"" Excel sheets (copy-paste)"
2011,San Francisco,Life Sciences,18375,"""Graduate Student Support"" Excel sheets (copy-paste)"
2011,San Francisco,Social Sciences,8605,"""Graduate Student Support"" Excel sheets (copy-paste)"
2011,San Francisco,Total,13966,"""Graduate Student Support"" Excel sheets (copy-paste)"
2011,Santa Barbara,Engineering & CS,21540,"""Graduate Student Support"" Excel sheets (copy-paste)"
2011,Santa Barbara,Fine Arts,12783,"""Graduate Student Support"" Excel sheets (copy-paste)"
2011,Santa Barbara,Humanities,14625,"""Graduate Student Support"" Excel sheets (copy-paste)"
2011,Santa Barbara,Life Sciences,20627,"""Graduate Student Support"" Excel sheets (copy-paste)"
2011,Santa Barbara,Other,17299,"""Graduate Student Support"" Excel sheets (copy-paste)"
2011,Santa Barbara,Physical Sciences,22196,"""Graduate Student Support"" Excel sheets (copy-paste)"
2011,Santa Barbara,Professional,4936,"""Graduate Student Support"" Excel sheets (copy-paste)"
2011,Santa Barbara,Social Sciences,13530,"""Graduate Student Support"" Excel sheets (copy-paste)"
2011,Santa Barbara,Total,16807,"""Graduate Student Support"" Excel sheets (copy-paste)"
2011,Santa Cruz,Engineering & CS,14187,"""Graduate Student Support"" Excel sheets (copy-paste)"
2011,Santa Cruz,Fine Arts,10533,"""Graduate Student Support"" Excel sheets (copy-paste)"
2011,Santa Cruz,Humanities,15274,"""Graduate Student Support"" Excel sheets (copy-paste)"
2011,Santa Cruz,Life Sciences,18568,"""Graduate Student Support"" Excel sheets (copy-paste)"
2011,Santa Cruz,Other,12380,"""Graduate Student Support"" Excel sheets (copy-paste)"
2011,Santa Cruz,Physical Sciences,21490,"""Graduate Student Support"" Excel sheets (copy-paste)"
2011,Santa Cruz,Professional,4404,"""Graduate Student Support"" Excel sheets (copy-paste)"
2011,Santa Cruz,Social Sciences,13008,"""Graduate Student Support"" Excel sheets (copy-paste)"
2011,Santa Cruz,Total,16279,"""Graduate Student Support"" Excel sheets (copy-paste)"
2011,Santa Cruz,Joint/Unknown,4569,"""Graduate Student Support"" Excel sheets (copy-paste)"
2012,Berkeley,Engineering & CS,29471,"""Graduate Student Support"" Excel sheets (copy-paste)"
2012,Berkeley,Fine Arts,22172,"""Graduate Student Support"" Excel sheets (copy-paste)"
2012,Berkeley,Health Sciences,21562,"""Graduate Student Support"" Excel sheets (copy-paste)"
2012,Berkeley,Humanities,22827,"""Graduate Student Support"" Excel sheets (copy-paste)"
2012,Berkeley,Life Sciences,27226,"""Graduate Student Support"" Excel sheets (copy-paste)"
2012,Berkeley,Other,25078,"""Graduate Student Support"" Excel sheets (copy-paste)"
2012,Berkeley,Physical Sciences,29505,"""Graduate Student Support"" Excel sheets (copy-paste)"
2012,Berkeley,Professional,18481,"""Graduate Student Support"" Excel sheets (copy-paste)"
2012,Berkeley,Social Sciences,24470,"""Graduate Student Support"" Excel sheets (copy-paste)"
2012,Berkeley,Total,26213,"""Graduate Student Support"" Excel sheets (copy-paste)"
2012,Berkeley,Joint/Unknown,-3036,"""Graduate Student Support"" Excel sheets (copy-paste)"
2012,Davis,Engineering & CS,16178,"""Graduate Student Support"" Excel sheets (copy-paste)"
2012,Davis,Fine Arts,17043,"""Graduate Student Support"" Excel sheets (copy-paste)"
2012,Davis,Health Sciences,46230,"""Graduate Student Support"" Excel sheets (copy-paste)"
2012,Davis,Humanities,20148,"""Graduate Student Support"" Excel sheets (copy-paste)"
2012,Davis,Life Sciences,22295,"""Graduate Student Support"" Excel sheets (copy-paste)"
2012,Davis,Other,21382,"""Graduate Student Support"" Excel sheets (copy-paste)"
2012,Davis,Physical Sciences,22572,"""Graduate Student Support"" Excel sheets (copy-paste)"
2012,Davis,Professional,13791,"""Graduate Student Support"" Excel sheets (copy-paste)"
2012,Davis,Social Sciences,18815,"""Graduate Student Support"" Excel sheets (copy-paste)"
2012,Davis,Total,20192,"""Graduate Student Support"" Excel sheets (copy-paste)"
2012,Irvine,Engineering & CS,17382,"""Graduate Student Support"" Excel sheets (copy-paste)"
2012,Irvine,Fine Arts,14042,"""Graduate Student Support"" Excel sheets (copy-paste)"
2012,Irvine,Humanities,17149,"""Graduate Student Support"" Excel sheets (copy-paste)"
2012,Irvine,Life Sciences,27869,"""Graduate Student Support"" Excel sheets (copy-paste)"
2012,Irvine,Other,26138,"""Graduate Student Support"" Excel sheets (copy-paste)"
2012,Irvine,Physical Sciences,24977,"""Graduate Student Support"" Excel sheets (copy-paste)"
2012,Irvine,Professional,20870,"""Graduate Student Support"" Excel sheets (copy-paste)"
2012,Irvine,Social Sciences,18659,"""Graduate Student Support"" Excel sheets (copy-paste)"
2012,Irvine,Total,20963,"""Graduate Student Support"" Excel sheets (copy-paste)"
2012,Los Angeles,Engineering & CS,15379,"""Graduate Student Support"" Excel sheets (copy-paste)"
2012,Los Angeles,Fine Arts,17533,"""Graduate Student Support"" Excel sheets (copy-paste)"
2012,Los Angeles,Health Sciences,13193,"""Graduate Student Support"" Excel sheets (copy-paste)"
2012,Los Angeles,Humanities,21018,"""Graduate Student Support"" Excel sheets (copy-paste)"
2012,Los Angeles,Life Sciences,26335,"""Graduate Student Support"" Excel sheets (copy-paste)"
2012,Los Angeles,Other,12776,"""Graduate Student Support"" Excel sheets (copy-paste)"
2012,Los Angeles,Physical Sciences,26221,"""Graduate Student Support"" Excel sheets (copy-paste)"
2012,Los Angeles,Professional,17108,"""Graduate Student Support"" Excel sheets (copy-paste)"
2012,Los Angeles,Social Sciences,19763,"""Graduate Student Support"" Excel sheets (copy-paste)"
2012,Los Angeles,Total,20352,"""Graduate Student Support"" Excel sheets (copy-paste)"
2012,Los Angeles,Joint/Unknown,18994,"""Graduate Student Support"" Excel sheets (copy-paste)"
2012,Merced,Engineering & CS,26931,"""Graduate Student Support"" Excel sheets (copy-paste)"
2012,Merced,Life Sciences,25844,"""Graduate Student Support"" Excel sheets (copy-paste)"
2012,Merced,Other,24345,"""Graduate Student Support"" Excel sheets (copy-paste)"
2012,Merced,Physical Sciences,24748,"""Graduate Student Support"" Excel sheets (copy-paste)"
2012,Merced,Social Sciences,24269,"""Graduate Student Support"" Excel sheets (copy-paste)"
2012,Merced,Total,25462,"""Graduate Student Support"" Excel sheets (copy-paste)"
2012,Merced,Joint/Unknown,23169,"""Graduate Student Support"" Excel sheets (copy-paste)"
2012,Riverside,Engineering & CS,17915,"""Graduate Student Support"" Excel sheets (copy-paste)"
2012,Riverside,Fine Arts,9838,"""Graduate Student Support"" Excel sheets (copy-paste)"
2012,Riverside,Humanities,18815,"""Graduate Student Support"" Excel sheets (copy-paste)"
2012,Riverside,Life Sciences,21382,"""Graduate Student Support"" Excel sheets (copy-paste)"
2012,Riverside,Physical Sciences,22114,"""Graduate Student Support"" Excel sheets (copy-paste)"
2012,Riverside,Professional,2952,"""Graduate Student Support"" Excel sheets (copy-paste)"
2012,Riverside,Social Sciences,14454,"""Graduate Student Support"" Excel sheets (copy-paste)"
2012,Riverside,Total,17866,"""Graduate Student Support"" Excel sheets (copy-paste)"
2012,San Diego,Engineering & CS,18327,"""Graduate Student Support"" Excel sheets (copy-paste)"
2012,San Diego,Fine Arts,15177,"""Graduate Student Support"" Excel sheets (copy-paste)"
2012,San Diego,Health Sciences,20784,"""Graduate Student Support"" Excel sheets (copy-paste)"
2012,San Diego,Humanities,20151,"""Graduate Student Support"" Excel sheets (copy-paste)"
2012,San Diego,Life Sciences,25732,"""Graduate Student Support"" Excel sheets (copy-paste)"
2012,San Diego,Other,25382,"""Graduate Student Support"" Excel sheets (copy-paste)"
2012,San Diego,Physical Sciences,24512,"""Graduate Student Support"" Excel sheets (copy-paste)"
2012,San Diego,Professional,4824,"""Graduate Student Support"" Excel sheets (copy-paste)"
2012,San Diego,Social Sciences,19561,"""Graduate Student Support"" Excel sheets (copy-paste)"
2012,San Diego,Total,20670,"""Graduate Student Support"" Excel sheets (copy-paste)"
2012,San Francisco,Engineering & CS,19421,"""Graduate Student Support"" Excel sheets (copy-paste)"
2012,San Francisco,Health Sciences,19758,"""Graduate Student Support"" Excel sheets (copy-paste)"
2012,San Francisco,Life Sciences,32401,"""Graduate Student Support"" Excel sheets (copy-paste)"
2012,San Francisco,Social Sciences,15876,"""Graduate Student Support"" Excel sheets (copy-paste)"
2012,San Francisco,Total,25855,"""Graduate Student Support"" Excel sheets (copy-paste)"
2012,San Francisco,Joint/Unknown,28594,"""Graduate Student Support"" Excel sheets (copy-paste)"
2012,Santa Barbara,Engineering & CS,22400,"""Graduate Student Support"" Excel sheets (copy-paste)"
2012,Santa Barbara,Fine Arts,14890,"""Graduate Student Support"" Excel sheets (copy-paste)"
2012,Santa Barbara,Humanities,15971,"""Graduate Student Support"" Excel sheets (copy-paste)"
2012,Santa Barbara,Life Sciences,22095,"""Graduate Student Support"" Excel sheets (copy-paste)"
2012,Santa Barbara,Other,16151,"""Graduate Student Support"" Excel sheets (copy-paste)"
2012,Santa Barbara,Physical Sciences,23921,"""Graduate Student Support"" Excel sheets (copy-paste)"
2012,Santa Barbara,Professional,6786,"""Graduate Student Support"" Excel sheets (copy-paste)"
2012,Santa Barbara,Social Sciences,15217,"""Graduate Student Support"" Excel sheets (copy-paste)"
2012,Santa Barbara,Total,18339,"""Graduate Student Support"" Excel sheets (copy-paste)"
2012,Santa Cruz,Engineering & CS,18978,"""Graduate Student Support"" Excel sheets (copy-paste)"
2012,Santa Cruz,Fine Arts,16403,"""Graduate Student Support"" Excel sheets (copy-paste)"
2012,Santa Cruz,Humanities,16435,"""Graduate Student Support"" Excel sheets (copy-paste)"
2012,Santa Cruz,Life Sciences,19027,"""Graduate Student Support"" Excel sheets (copy-paste)"
2012,Santa Cruz,Other,16190,"""Graduate Student Support"" Excel sheets (copy-paste)"
2012,Santa Cruz,Physical Sciences,22969,"""Graduate Student Support"" Excel sheets (copy-paste)"
2012,Santa Cruz,Professional,8250,"""Graduate Student Support"" Excel sheets (copy-paste)"
2012,Santa Cruz,Social Sciences,16773,"""Graduate Student Support"" Excel sheets (copy-paste)"
2012,Santa Cruz,Total,18736,"""Graduate Student Support"" Excel sheets (copy-paste)"
2012,Santa Cruz,Joint/Unknown,-1798,"""Graduate Student Support"" Excel sheets (copy-paste)"
2013,Berkeley,Engineering & CS,22486,"""Graduate Student Support"" Excel sheets (copy-paste)"
2013,Berkeley,Fine Arts,23854,"""Graduate Student Support"" Excel sheets (copy-paste)"
2013,Berkeley,Health Sciences,25899,"""Graduate Student Support"" Excel sheets (copy-paste)"
2013,Berkeley,Humanities,23218,"""Graduate Student Support"" Excel sheets (copy-paste)"
2013,Berkeley,Life Sciences,26754,"""Graduate Student Support"" Excel sheets (copy-paste)"
2013,Berkeley,Other,26053,"""Graduate Student Support"" Excel sheets (copy-paste)"
2013,Berkeley,Physical Sciences,27518,"""Graduate Student Support"" Excel sheets (copy-paste)"
2013,Berkeley,Professional,17955,"""Graduate Student Support"" Excel sheets (copy-paste)"
2013,Berkeley,Social Sciences,24654,"""Graduate Student Support"" Excel sheets (copy-paste)"
2013,Berkeley,Total,24182,"""Graduate Student Support"" Excel sheets (copy-paste)"
2013,Berkeley,Joint/Unknown,25350,"""Graduate Student Support"" Excel sheets (copy-paste)"
2013,Davis,Engineering & CS,16037,"""Graduate Student Support"" Excel sheets (copy-paste)"
2013,Davis,Fine Arts,15596,"""Graduate Student Support"" Excel sheets (copy-paste)"
2013,Davis,Humanities,21185,"""Graduate Student Support"" Excel sheets (copy-paste)"
2013,Davis,Life Sciences,22565,"""Graduate Student Support"" Excel sheets (copy-paste)"
2013,Davis,Other,20003,"""Graduate Student Support"" Excel sheets (copy-paste)"
2013,Davis,Physical Sciences,22699,"""Graduate Student Support"" Excel sheets (copy-paste)"
2013,Davis,Professional,16378,"""Graduate Student Support"" Excel sheets (copy-paste)"
2013,Davis,Social Sciences,18722,"""Graduate Student Support"" Excel sheets (copy-paste)"
2013,Davis,Total,20452,"""Graduate Student Support"" Excel sheets (copy-paste)"
2013,Davis,Joint/Unknown,38383,"""Graduate Student Support"" Excel sheets (copy-paste)"
2013,Irvine,Engineering & CS,16037,"""Graduate Student Support"" Excel sheets (copy-paste)"
2013,Irvine,Fine Arts,14909,"""Graduate Student Support"" Excel sheets (copy-paste)"
2013,Irvine,Humanities,17523,"""Graduate Student Support"" Excel sheets (copy-paste)"
2013,Irvine,Life Sciences,27846,"""Graduate Student Support"" Excel sheets (copy-paste)"
2013,Irvine,Other,22627,"""Graduate Student Support"" Excel sheets (copy-paste)"
2013,Irvine,Physical Sciences,24542,"""Graduate Student Support"" Excel sheets (copy-paste)"
2013,Irvine,Professional,21314,"""Graduate Student Support"" Excel sheets (copy-paste)"
2013,Irvine,Social Sciences,18682,"""Graduate Student Support"" Excel sheets (copy-paste)"
2013,Irvine,Total,20513,"""Graduate Student Support"" Excel sheets (copy-paste)"
2013,Irvine,Joint/Unknown,24668,"""Graduate Student Support"" Excel sheets (copy-paste)"
2013,Los Angeles,Engineering & CS,14940,"""Graduate Student Support"" Excel sheets (copy-paste)"
2013,Los Angeles,Fine Arts,19974,"""Graduate Student Support"" Excel sheets (copy-paste)"
2013,Los Angeles,Health Sciences,12348,"""Graduate Student Support"" Excel sheets (copy-paste)"
2013,Los Angeles,Humanities,22027,"""Graduate Student Support"" Excel sheets (copy-paste)"
2013,Los Angeles,Life Sciences,26323,"""Graduate Student Support"" Excel sheets (copy-paste)"
2013,Los Angeles,Other,14047,"""Graduate Student Support"" Excel sheets (copy-paste)"
2013,Los Angeles,Physical Sciences,26527,"""Graduate Student Support"" Excel sheets (copy-paste)"
2013,Los Angeles,Professional,17600,"""Graduate Student Support"" Excel sheets (copy-paste)"
2013,Los Angeles,Social Sciences,20418,"""Graduate Student Support"" Excel sheets (copy-paste)"
2013,Los Angeles,Total,20774,"""Graduate Student Support"" Excel sheets (copy-paste)"
2013,Los Angeles,Joint/Unknown,20765,"""Graduate Student Support"" Excel sheets (copy-paste)"
2013,Merced,Engineering & CS,22064,"""Graduate Student Support"" Excel sheets (copy-paste)"
2013,Merced,Life Sciences,20744,"""Graduate Student Support"" Excel sheets (copy-paste)"
2013,Merced,Other,21630,"""Graduate Student Support"" Excel sheets (copy-paste)"
2013,Merced,Physical Sciences,22874,"""Graduate Student Support"" Excel sheets (copy-paste)"
2013,Merced,Social Sciences,20535,"""Graduate Student Support"" Excel sheets (copy-paste)"
2013,Merced,Total,21300,"""Graduate Student Support"" Excel sheets (copy-paste)"
2013,Merced,Joint/Unknown,20627,"""Graduate Student Support"" Excel sheets (copy-paste)"
2013,Riverside,Engineering & CS,18670,"""Graduate Student Support"" Excel sheets (copy-paste)"
2013,Riverside,Fine Arts,11753,"""Graduate Student Support"" Excel sheets (copy-paste)"
2013,Riverside,Humanities,18827,"""Graduate Student Support"" Excel sheets (copy-paste)"
2013,Riverside,Life Sciences,21500,"""Graduate Student Support"" Excel sheets (copy-paste)"
2013,Riverside,Physical Sciences,22170,"""Graduate Student Support"" Excel sheets (copy-paste)"
2013,Riverside,Professional,3807,"""Graduate Student Support"" Excel sheets (copy-paste)"
2013,Riverside,Social Sciences,15119,"""Graduate Student Support"" Excel sheets (copy-paste)"
2013,Riverside,Total,18366,"""Graduate Student Support"" Excel sheets (copy-paste)"
2013,San Diego,Engineering & CS,18636,"""Graduate Student Support"" Excel sheets (copy-paste)"
2013,San Diego,Fine Arts,15187,"""Graduate Student Support"" Excel sheets (copy-paste)"
2013,San Diego,Health Sciences,35789,"""Graduate Student Support"" Excel sheets (copy-paste)"
2013,San Diego,Humanities,20033,"""Graduate Student Support"" Excel sheets (copy-paste)"
2013,San Diego,Life Sciences,26138,"""Graduate Student Support"" Excel sheets (copy-paste)"
2013,San Diego,Other,27349,"""Graduate Student Support"" Excel sheets (copy-paste)"
2013,San Diego,Physical Sciences,24100,"""Graduate Student Support"" Excel sheets (copy-paste)"
2013,San Diego,Professional,5193,"""Graduate Student Support"" Excel sheets (copy-paste)"
2013,San Diego,Social Sciences,20362,"""Graduate Student Support"" Excel sheets (copy-paste)"
2013,San Diego,Total,20938,"""Graduate Student Support"" Excel sheets (copy-paste)"
2013,San Diego,Joint/Unknown,22262,"""Graduate Student Support"" Excel sheets (copy-paste)"
2013,San Francisco,Engineering & CS,30416,"""Graduate Student Support"" Excel sheets (copy-paste)"
2013,San Francisco,Fine Arts,21018,"""Graduate Student Support"" Excel sheets (copy-paste)"
2013,San Francisco,Life Sciences,33704,"""Graduate Student Support"" Excel sheets (copy-paste)"
2013,San Francisco,Social Sciences,13260,"""Graduate Student Support"" Excel sheets (copy-paste)"
2013,San Francisco,Total,29045,"""Graduate Student Support"" Excel sheets (copy-paste)"
2013,San Francisco,Joint/Unknown,32403,"""Graduate Student Support"" Excel sheets (copy-paste)"
2013,Santa Barbara,Engineering & CS,22981,"""Graduate Student Support"" Excel sheets (copy-paste)"
2013,Santa Barbara,Fine Arts,17591,"""Graduate Student Support"" Excel sheets (copy-paste)"
2013,Santa Barbara,Humanities,18530,"""Graduate Student Support"" Excel sheets (copy-paste)"
2013,Santa Barbara,Life Sciences,22758,"""Graduate Student Support"" Excel sheets (copy-paste)"
2013,Santa Barbara,Other,12263,"""Graduate Student Support"" Excel sheets (copy-paste)"
2013,Santa Barbara,Physical Sciences,25612,"""Graduate Student Support"" Excel sheets (copy-paste)"
2013,Santa Barbara,Professional,7437,"""Graduate Student Support"" Excel sheets (copy-paste)"
2013,Santa Barbara,Social Sciences,15760,"""Graduate Student Support"" Excel sheets (copy-paste)"
2013,Santa Barbara,Total,19487,"""Graduate Student Support"" Excel sheets (copy-paste)"
2013,Santa Barbara,Joint/Unknown,16407,"""Graduate Student Support"" Excel sheets (copy-paste)"
2013,Santa Cruz,Engineering & CS,14274,"""Graduate Student Support"" Excel sheets (copy-paste)"
2013,Santa Cruz,Fine Arts,15830,"""Graduate Student Support"" Excel sheets (copy-paste)"
2013,Santa Cruz,Humanities,16291,"""Graduate Student Support"" Excel sheets (copy-paste)"
2013,Santa Cruz,Life Sciences,17866,"""Graduate Student Support"" Excel sheets (copy-paste)"
2013,Santa Cruz,Other,16702,"""Graduate Student Support"" Excel sheets (copy-paste)"
2013,Santa Cruz,Physical Sciences,22058,"""Graduate Student Support"" Excel sheets (copy-paste)"
2013,Santa Cruz,Professional,13505,"""Graduate Student Support"" Excel sheets (copy-paste)"
2013,Santa Cruz,Social Sciences,15615,"""Graduate Student Support"" Excel sheets (copy-paste)"
2013,Santa Cruz,Total,17313,"""Graduate Student Support"" Excel sheets (copy-paste)"
2013,Santa Cruz,Joint/Unknown,6108,"""Graduate Student Support"" Excel sheets (copy-paste)"
2014,Berkeley,Engineering & CS,24227,"""Graduate Student Support"" Excel sheets (copy-paste)"
2014,Berkeley,Fine Arts,21229,"""Graduate Student Support"" Excel sheets (copy-paste)"
2014,Berkeley,Health Sciences,23407,"""Graduate Student Support"" Excel sheets (copy-paste)"
2014,Berkeley,Humanities,24428,"""Graduate Student Support"" Excel sheets (copy-paste)"
2014,Berkeley,Life Sciences,28104,"""Graduate Student Support"" Excel sheets (copy-paste)"
2014,Berkeley,Other,24658,"""Graduate Student Support"" Excel sheets (copy-paste)"
2014,Berkeley,Physical Sciences,30202,"""Graduate Student Support"" Excel sheets (copy-paste)"
2014,Berkeley,Professional,17564,"""Graduate Student Support"" Excel sheets (copy-paste)"
2014,Berkeley,Social Sciences,24753,"""Graduate Student Support"" Excel sheets (copy-paste)"
2014,Berkeley,Total,25384,"""Graduate Student Support"" Excel sheets (copy-paste)"
2014,Berkeley,Joint/Unknown,31058,"""Graduate Student Support"" Excel sheets (copy-paste)"
2014,Davis,Engineering & CS,17230,"""Graduate Student Support"" Excel sheets (copy-paste)"
2014,Davis,Fine Arts,16659,"""Graduate Student Support"" Excel sheets (copy-paste)"
2014,Davis,Humanities,20499,"""Graduate Student Support"" Excel sheets (copy-paste)"
2014,Davis,Life Sciences,22624,"""Graduate Student Support"" Excel sheets (copy-paste)"
2014,Davis,Other,19965,"""Graduate Student Support"" Excel sheets (copy-paste)"
2014,Davis,Physical Sciences,22310,"""Graduate Student Support"" Excel sheets (copy-paste)"
2014,Davis,Professional,19447,"""Graduate Student Support"" Excel sheets (copy-paste)"
2014,Davis,Social Sciences,19142,"""Graduate Student Support"" Excel sheets (copy-paste)"
2014,Davis,Total,20721,"""Graduate Student Support"" Excel sheets (copy-paste)"
2014,Davis,Joint/Unknown,32333,"""Graduate Student Support"" Excel sheets (copy-paste)"
2014,Irvine,Engineering & CS,16487,"""Graduate Student Support"" Excel sheets (copy-paste)"
2014,Irvine,Fine Arts,17775,"""Graduate Student Support"" Excel sheets (copy-paste)"
2014,Irvine,Humanities,18628,"""Graduate Student Support"" Excel sheets (copy-paste)"
2014,Irvine,Life Sciences,27688,"""Graduate Student Support"" Excel sheets (copy-paste)"
2014,Irvine,Other,21290,"""Graduate Student Support"" Excel sheets (copy-paste)"
2014,Irvine,Physical Sciences,24352,"""Graduate Student Support"" Excel sheets (copy-paste)"
2014,Irvine,Professional,22511,"""Graduate Student Support"" Excel sheets (copy-paste)"
2014,Irvine,Social Sciences,19272,"""Graduate Student Support"" Excel sheets (copy-paste)"
2014,Irvine,Total,20856,"""Graduate Student Support"" Excel sheets (copy-paste)"
2014,Irvine,Joint/Unknown,23061,"""Graduate Student Support"" Excel sheets (copy-paste)"
2014,Los Angeles,Engineering & CS,15756,"""Graduate Student Support"" Excel sheets (copy-paste)"
2014,Los Angeles,Fine Arts,20601,"""Graduate Student Support"" Excel sheets (copy-paste)"
2014,Los Angeles,Health Sciences,10857,"""Graduate Student Support"" Excel sheets (copy-paste)"
2014,Los Angeles,Humanities,22531,"""Graduate Student Support"" Excel sheets (copy-paste)"
2014,Los Angeles,Life Sciences,26518,"""Graduate Student Support"" Excel sheets (copy-paste)"
2014,Los Angeles,Other,14838,"""Graduate Student Support"" Excel sheets (copy-paste)"
2014,Los Angeles,Physical Sciences,27650,"""Graduate Student Support"" Excel sheets (copy-paste)"
2014,Los Angeles,Professional,17077,"""Graduate Student Support"" Excel sheets (copy-paste)"
2014,Los Angeles,Social Sciences,21103,"""Graduate Student Support"" Excel sheets (copy-paste)"
2014,Los Angeles,Total,21274,"""Graduate Student Support"" Excel sheets (copy-paste)"
2014,Los Angeles,Joint/Unknown,23941,"""Graduate Student Support"" Excel sheets (copy-paste)"
2014,Merced,Engineering & CS,20509,"""Graduate Student Support"" Excel sheets (copy-paste)"
2014,Merced,Life Sciences,20257,"""Graduate Student Support"" Excel sheets (copy-paste)"
2014,Merced,Other,19394,"""Graduate Student Support"" Excel sheets (copy-paste)"
2014,Merced,Physical Sciences,22902,"""Graduate Student Support"" Excel sheets (copy-paste)"
2014,Merced,Social Sciences,20147,"""Graduate Student Support"" Excel sheets (copy-paste)"
2014,Merced,Total,20285,"""Graduate Student Support"" Excel sheets (copy-paste)"
2014,Merced,Joint/Unknown,19580,"""Graduate Student Support"" Excel sheets (copy-paste)"
2014,Riverside,Engineering & CS,18944,"""Graduate Student Support"" Excel sheets (copy-paste)"
2014,Riverside,Fine Arts,15241,"""Graduate Student Support"" Excel sheets (copy-paste)"
2014,Riverside,Humanities,19954,"""Graduate Student Support"" Excel sheets (copy-paste)"
2014,Riverside,Life Sciences,22090,"""Graduate Student Support"" Excel sheets (copy-paste)"
2014,Riverside,Physical Sciences,21741,"""Graduate Student Support"" Excel sheets (copy-paste)"
2014,Riverside,Professional,4519,"""Graduate Student Support"" Excel sheets (copy-paste)"
2014,Riverside,Social Sciences,16368,"""Graduate Student Support"" Excel sheets (copy-paste)"
2014,Riverside,Total,18964,"""Graduate Student Support"" Excel sheets (copy-paste)"
2014,San Diego,Engineering & CS,18672,"""Graduate Student Support"" Excel sheets (copy-paste)"
2014,San Diego,Fine Arts,17013,"""Graduate Student Support"" Excel sheets (copy-paste)"
2014,San Diego,Health Sciences,19747,"""Graduate Student Support"" Excel sheets (copy-paste)"
2014,San Diego,Humanities,19636,"""Graduate Student Support"" Excel sheets (copy-paste)"
2014,San Diego,Life Sciences,26257,"""Graduate Student Support"" Excel sheets (copy-paste)"
2014,San Diego,Other,27934,"""Graduate Student Support"" Excel sheets (copy-paste)"
2014,San Diego,Physical Sciences,25042,"""Graduate Student Support"" Excel sheets (copy-paste)"
2014,San Diego,Professional,5802,"""Graduate Student Support"" Excel sheets (copy-paste)"
2014,San Diego,Social Sciences,20342,"""Graduate Student Support"" Excel sheets (copy-paste)"
2014,San Diego,Total,21277,"""Graduate Student Support"" Excel sheets (copy-paste)"
2014,San Diego,Joint/Unknown,23663,"""Graduate Student Support"" Excel sheets (copy-paste)"
2014,San Francisco,Engineering & CS,32094,"""Graduate Student Support"" Excel sheets (copy-paste)"
2014,San Francisco,Health Sciences,24013,"""Graduate Student Support"" Excel sheets (copy-paste)"
2014,San Francisco,Life Sciences,35556,"""Graduate Student Support"" Excel sheets (copy-paste)"
2014,San Francisco,Social Sciences,13073,"""Graduate Student Support"" Excel sheets (copy-paste)"
2014,San Francisco,Total,30905,"""Graduate Student Support"" Excel sheets (copy-paste)"
2014,San Francisco,Joint/Unknown,30235,"""Graduate Student Support"" Excel sheets (copy-paste)"
2014,Santa Barbara,Engineering & CS,24848,"""Graduate Student Support"" Excel sheets (copy-paste)"
2014,Santa Barbara,Fine Arts,16904,"""Graduate Student Support"" Excel sheets (copy-paste)"
2014,Santa Barbara,Humanities,17316,"""Graduate Student Support"" Excel sheets (copy-paste)"
2014,Santa Barbara,Life Sciences,24372,"""Graduate Student Support"" Excel sheets (copy-paste)"
2014,Santa Barbara,Other,14927,"""Graduate Student Support"" Excel sheets (copy-paste)"
2014,Santa Barbara,Physical Sciences,26093,"""Graduate Student Support"" Excel sheets (copy-paste)"
2014,Santa Barbara,Professional,9476,"""Graduate Student Support"" Excel sheets (copy-paste)"
2014,Santa Barbara,Social Sciences,16087,"""Graduate Student Support"" Excel sheets (copy-paste)"
2014,Santa Barbara,Total,20202,"""Graduate Student Support"" Excel sheets (copy-paste)"
2014,Santa Barbara,Joint/Unknown,22919,"""Graduate Student Support"" Excel sheets (copy-paste)"
2014,Santa Cruz,Engineering & CS,15673,"""Graduate Student Support"" Excel sheets (copy-paste)"
2014,Santa Cruz,Fine Arts,13173,"""Graduate Student Support"" Excel sheets (copy-paste)"
2014,Santa Cruz,Humanities,17741,"""Graduate Student Support"" Excel sheets (copy-paste)"
2014,Santa Cruz,Life Sciences,18822,"""Graduate Student Support"" Excel sheets (copy-paste)"
2014,Santa Cruz,Other,19033,"""Graduate Student Support"" Excel sheets (copy-paste)"
2014,Santa Cruz,Physical Sciences,22744,"""Graduate Student Support"" Excel sheets (copy-paste)"
2014,Santa Cruz,Professional,11353,"""Graduate Student Support"" Excel sheets (copy-paste)"
2014,Santa Cruz,Social Sciences,15565,"""Graduate Student Support"" Excel sheets (copy-paste)"
2014,Santa Cruz,Total,18045,"""Graduate Student Support"" Excel sheets (copy-paste)"
2014,Santa Cruz,Joint/Unknown,15358,"""Graduate Student Support"" Excel sheets (copy-paste)"
2015,Berkeley,Total,26418,"""Net cost of attendance"" Infocenter (transcribed)"
2015,Davis,Total,21360,"""Net cost of attendance"" Infocenter (transcribed)"
2015,Irvine,Total,21925,"""Net cost of attendance"" Infocenter (transcribed)"
2015,Los Angeles,Total,21936,"""Net cost of attendance"" Infocenter (transcribed)"
2015,Merced,Total,23538,"""Net cost of attendance"" Infocenter (transcribed)"
2015,Riverside,Total,18706,"""Net cost of attendance"" Infocenter (transcribed)"
2015,San Diego,Total,22171,"""Net cost of attendance"" Infocenter (transcribed)"
2015,San Francisco,Total,31088,"""Net cost of attendance"" Infocenter (transcribed)"
2015,Santa Barbara,Total,20455,"""Net cost of attendance"" Infocenter (transcribed)"
2015,Santa Cruz,Total,19102,"""Net cost of attendance"" Infocenter (transcribed)"
2016,Berkeley,Total,27639,"""Net cost of attendance"" Infocenter (transcribed)"
2016,Davis,Total,21885,"""Net cost of attendance"" Infocenter (transcribed)"
2016,Irvine,Total,22737,"""Net cost of attendance"" Infocenter (transcribed)"
2016,Los Angeles,Total,23673,"""Net cost of attendance"" Infocenter (transcribed)"
2016,Merced,Total,24186,"""Net cost of attendance"" Infocenter (transcribed)"
2016,Riverside,Total,20526,"""Net cost of attendance"" Infocenter (transcribed)"
2016,San Diego,Total,23217,"""Net cost of attendance"" Infocenter (transcribed)"
2016,San Francisco,Total,33654,"""Net cost of attendance"" Infocenter (transcribed)"
2016,Santa Barbara,Total,22686,"""Net cost of attendance"" Infocenter (transcribed)"
2016,Santa Cruz,Total,19629,"""Net cost of attendance"" Infocenter (transcribed)"
2017,Berkeley,Total,28876,"""Net cost of attendance"" Infocenter (transcribed)"
2017,Davis,Total,22386,"""Net cost of attendance"" Infocenter (transcribed)"
2017,Irvine,Total,24125,"""Net cost of attendance"" Infocenter (transcribed)"
2017,Los Angeles,Total,24781,"""Net cost of attendance"" Infocenter (transcribed)"
2017,Merced,Total,25415,"""Net cost of attendance"" Infocenter (transcribed)"
2017,Riverside,Total,22279,"""Net cost of attendance"" Infocenter (transcribed)"
2017,San Diego,Total,24248,"""Net cost of attendance"" Infocenter (transcribed)"
2017,San Francisco,Total,30384,"""Net cost of attendance"" Infocenter (transcribed)"
2017,Santa Barbara,Total,23892,"""Net cost of attendance"" Infocenter (transcribed)"
2017,Santa Cruz,Total,21625,"""Net cost of attendance"" Infocenter (transcribed)"
2018,Berkeley,Total,30451,"""Net cost of attendance"" Infocenter (transcribed)"
2018,Davis,Total,23505,"""Net cost of attendance"" Infocenter (transcribed)"
2018,Irvine,Total,24314,"""Net cost of attendance"" Infocenter (transcribed)"
2018,Los Angeles,Total,25193,"""Net cost of attendance"" Infocenter (transcribed)"
2018,Merced,Total,25542,"""Net cost of attendance"" Infocenter (transcribed)"
2018,Riverside,Total,22969,"""Net cost of attendance"" Infocenter (transcribed)"
2018,San Diego,Total,22907,"""Net cost of attendance"" Infocenter (transcribed)"
2018,San Francisco,Total,37903,"""Net cost of attendance"" Infocenter (transcribed)"
2018,Santa Barbara,Total,25251,"""Net cost of attendance"" Infocenter (transcribed)"
2018,Santa Cruz,Total,21249,"""Net cost of attendance"" Infocenter (transcribed)"
2015,Berkeley,Engineering & CS,25494.73143,"""Net cost of attendance"" Infocenter (CSV export)"
2016,Berkeley,Engineering & CS,26598.62636,"""Net cost of attendance"" Infocenter (CSV export)"
2017,Berkeley,Engineering & CS,28795.2854,"""Net cost of attendance"" Infocenter (CSV export)"
2018,Berkeley,Engineering & CS,29478.71808,"""Net cost of attendance"" Infocenter (CSV export)"
2015,Davis,Engineering & CS,17525.89486,"""Net cost of attendance"" Infocenter (CSV export)"
2016,Davis,Engineering & CS,17877.27234,"""Net cost of attendance"" Infocenter (CSV export)"
2017,Davis,Engineering & CS,18476.86673,"""Net cost of attendance"" Infocenter (CSV export)"
2018,Davis,Engineering & CS,19314.22599,"""Net cost of attendance"" Infocenter (CSV export)"
2015,Irvine,Engineering & CS,16663.33176,"""Net cost of attendance"" Infocenter (CSV export)"
2016,Irvine,Engineering & CS,17990.55529,"""Net cost of attendance"" Infocenter (CSV export)"
2017,Irvine,Engineering & CS,19710.00845,"""Net cost of attendance"" Infocenter (CSV export)"
2018,Irvine,Engineering & CS,20714.11567,"""Net cost of attendance"" Infocenter (CSV export)"
2015,Los Angeles,Engineering & CS,16736.9019,"""Net cost of attendance"" Infocenter (CSV export)"
2016,Los Angeles,Engineering & CS,16926.98295,"""Net cost of attendance"" Infocenter (CSV export)"
2017,Los Angeles,Engineering & CS,18465.84623,"""Net cost of attendance"" Infocenter (CSV export)"
2018,Los Angeles,Engineering & CS,18328.19185,"""Net cost of attendance"" Infocenter (CSV export)"
2015,Merced,Engineering & CS,23287.89212,"""Net cost of attendance"" Infocenter (CSV export)"
2016,Merced,Engineering & CS,23127.50424,"""Net cost of attendance"" Infocenter (CSV export)"
2017,Merced,Engineering & CS,25651.24267,"""Net cost of attendance"" Infocenter (CSV export)"
2018,Merced,Engineering & CS,24359.08734,"""Net cost of attendance"" Infocenter (CSV export)"
2015,Riverside,Engineering & CS,17620.30292,"""Net cost of attendance"" Infocenter (CSV export)"
2016,Riverside,Engineering & CS,18776.01145,"""Net cost of attendance"" Infocenter (CSV export)"
2017,Riverside,Engineering & CS,21114.73208,"""Net cost of attendance"" Infocenter (CSV export)"
2018,Riverside,Engineering & CS,22342.89468,"""Net cost of attendance"" Infocenter (CSV export)"
2015,San Diego,Engineering & CS,19058.7058,"""Net cost of attendance"" Infocenter (CSV export)"
2016,San Diego,Engineering & CS,20193.88215,"""Net cost of attendance"" Infocenter (CSV export)"
2017,San Diego,Engineering & CS,21627.33214,"""Net cost of attendance"" Infocenter (CSV export)"
2018,San Diego,Engineering & CS,18786.5597,"""Net cost of attendance"" Infocenter (CSV export)"
2015,Santa Barbara,Engineering & CS,24581.4103,"""Net cost of attendance"" Infocenter (CSV export)"
2016,Santa Barbara,Engineering & CS,26086.81122,"""Net cost of attendance"" Infocenter (CSV export)"
2017,Santa Barbara,Engineering & CS,27099.11968,"""Net cost of attendance"" Infocenter (CSV export)"
2018,Santa Barbara,Engineering & CS,29586.4474,"""Net cost of attendance"" Infocenter (CSV export)"
2015,Santa Cruz,Engineering & CS,15374.25988,"""Net cost of attendance"" Infocenter (CSV export)"
2016,Santa Cruz,Engineering & CS,14118.32661,"""Net cost of attendance"" Infocenter (CSV export)"
2017,Santa Cruz,Engineering & CS,17063.24477,"""Net cost of attendance"" Infocenter (CSV export)"
2018,Santa Cruz,Engineering & CS,17341.59705,"""Net cost of attendance"" Infocenter (CSV export)"
2015,San Francisco,Engineering & CS,30430.7444,"""Net cost of attendance"" Infocenter (CSV export)"
2016,San Francisco,Engineering & CS,34238.27867,"""Net cost of attendance"" Infocenter (CSV export)"
2017,San Francisco,Engineering & CS,28171.35423,"""Net cost of attendance"" Infocenter (CSV export)"
2018,San Francisco,Engineering & CS,41322.77105,"""Net cost of attendance"" Infocenter (CSV export)"
2015,Berkeley,Fine Arts,24714.38523,"""Net cost of attendance"" Infocenter (CSV export)"
2016,Berkeley,Fine Arts,25641.11614,"""Net cost of attendance"" Infocenter (CSV export)"
2017,Berkeley,Fine Arts,27235.67891,"""Net cost of attendance"" Infocenter (CSV export)"
2018,Berkeley,Fine Arts,29783.75366,"""Net cost of attendance"" Infocenter (CSV export)"
2015,Davis,Fine Arts,19274.70413,"""Net cost of attendance"" Infocenter (CSV export)"
2016,Davis,Fine Arts,19711.56858,"""Net cost of attendance"" Infocenter (CSV export)"
2017,Davis,Fine Arts,22227.71685,"""Net cost of attendance"" Infocenter (CSV export)"
2018,Davis,Fine Arts,21020.48104,"""Net cost of attendance"" Infocenter (CSV export)"
2015,Irvine,Fine Arts,19022.83704,"""Net cost of attendance"" Infocenter (CSV export)"
2016,Irvine,Fine Arts,22388.90189,"""Net cost of attendance"" Infocenter (CSV export)"
2017,Irvine,Fine Arts,19485.20339,"""Net cost of attendance"" Infocenter (CSV export)"
2018,Irvine,Fine Arts,19153.08434,"""Net cost of attendance"" Infocenter (CSV export)"
2015,Los Angeles,Fine Arts,21348.53226,"""Net cost of attendance"" Infocenter (CSV export)"
2016,Los Angeles,Fine Arts,22261.5405,"""Net cost of attendance"" Infocenter (CSV export)"
2017,Los Angeles,Fine Arts,21268.24071,"""Net cost of attendance"" Infocenter (CSV export)"
2018,Los Angeles,Fine Arts,22467.12207,"""Net cost of attendance"" Infocenter (CSV export)"
2015,Riverside,Fine Arts,16377.52634,"""Net cost of attendance"" Infocenter (CSV export)"
2016,Riverside,Fine Arts,19092.51326,"""Net cost of attendance"" Infocenter (CSV export)"
2017,Riverside,Fine Arts,17832.68214,"""Net cost of attendance"" Infocenter (CSV export)"
2018,Riverside,Fine Arts,17243.58682,"""Net cost of attendance"" Infocenter (CSV export)"
2015,San Diego,Fine Arts,17621.77093,"""Net cost of attendance"" Infocenter (CSV export)"
2016,San Diego,Fine Arts,19368.32585,"""Net cost of attendance"" Infocenter (CSV export)"
2017,San Diego,Fine Arts,21634.30375,"""Net cost of attendance"" Infocenter (CSV export)"
2018,San Diego,Fine Arts,19187.20675,"""Net cost of attendance"" Infocenter (CSV export)"
2015,Santa Barbara,Fine Arts,16918.939,"""Net cost of attendance"" Infocenter (CSV export)"
2016,Santa Barbara,Fine Arts,19768.99886,"""Net cost of attendance"" Infocenter (CSV export)"
2017,Santa Barbara,Fine Arts,19318.72182,"""Net cost of attendance"" Infocenter (CSV export)"
2018,Santa Barbara,Fine Arts,20459.93855,"""Net cost of attendance"" Infocenter (CSV export)"
2015,Santa Cruz,Fine Arts,15553.11884,"""Net cost of attendance"" Infocenter (CSV export)"
2016,Santa Cruz,Fine Arts,18870.10221,"""Net cost of attendance"" Infocenter (CSV export)"
2017,Santa Cruz,Fine Arts,22038.68358,"""Net cost of attendance"" Infocenter (CSV export)"
2018,Santa Cruz,Fine Arts,19905.93697,"""Net cost of attendance"" Infocenter (CSV export)"
2015,Berkeley,Health Sciences,23187.07214,"""Net cost of attendance"" Infocenter (CSV export)"
2016,Berkeley,Health Sciences,15526.04524,"""Net cost of attendance"" Infocenter (CSV export)"
2017,Berkeley,Health Sciences,23399.85,"""Net cost of attendance"" Infocenter (CSV export)"
2015,Davis,Health Sciences,31857.91,"""Net cost of attendance"" Infocenter (CSV export)"
2016,Davis,Health Sciences,23863.43847,"""Net cost of attendance"" Infocenter (CSV export)"
2017,Davis,Health Sciences,17574.41157,"""Net cost of attendance"" Infocenter (CSV export)"
2015,Irvine,Health Sciences,24119.69849,"""Net cost of attendance"" Infocenter (CSV export)"
2016,Irvine,Health Sciences,26149.08429,"""Net cost of attendance"" Infocenter (CSV export)"
2017,Irvine,Health Sciences,27670.8681,"""Net cost of attendance"" Infocenter (CSV export)"
2018,Irvine,Health Sciences,27389.91607,"""Net cost of attendance"" Infocenter (CSV export)"
2015,Los Angeles,Health Sciences,20708.57575,"""Net cost of attendance"" Infocenter (CSV export)"
2016,Los Angeles,Health Sciences,19937.97388,"""Net cost of attendance"" Infocenter (CSV export)"
2017,Los Angeles,Health Sciences,21975.86768,"""Net cost of attendance"" Infocenter (CSV export)"
2018,Los Angeles,Health Sciences,23332.16167,"""Net cost of attendance"" Infocenter (CSV export)"
2017,Merced,Health Sciences,28193.51577,"""Net cost of attendance"" Infocenter (CSV export)"
2018,Merced,Health Sciences,30068.72,"""Net cost of attendance"" Infocenter (CSV export)"
2015,San Diego,Health Sciences,30560.54004,"""Net cost of attendance"" Infocenter (CSV export)"
2016,San Diego,Health Sciences,30918.03895,"""Net cost of attendance"" Infocenter (CSV export)"
2017,San Diego,Health Sciences,37459.38657,"""Net cost of attendance"" Infocenter (CSV export)"
2018,San Diego,Health Sciences,27668.44174,"""Net cost of attendance"" Infocenter (CSV export)"
2015,San Francisco,Health Sciences,32328.92414,"""Net cost of attendance"" Infocenter (CSV export)"
2016,San Francisco,Health Sciences,33920.15964,"""Net cost of attendance"" Infocenter (CSV export)"
2017,San Francisco,Health Sciences,28799.42325,"""Net cost of attendance"" Infocenter (CSV export)"
2018,San Francisco,Health Sciences,34316.91337,"""Net cost of attendance"" Infocenter (CSV export)"
2015,Berkeley,Humanities,25730.57766,"""Net cost of attendance"" Infocenter (CSV export)"
2016,Berkeley,Humanities,26852.99888,"""Net cost of attendance"" Infocenter (CSV export)"
2017,Berkeley,Humanities,26710.20741,"""Net cost of attendance"" Infocenter (CSV export)"
2018,Berkeley,Humanities,30306.53358,"""Net cost of attendance"" Infocenter (CSV export)"
2015,Davis,Humanities,20709.688,"""Net cost of attendance"" Infocenter (CSV export)"
2016,Davis,Humanities,22160.10015,"""Net cost of attendance"" Infocenter (CSV export)"
2017,Davis,Humanities,21919.7986,"""Net cost of attendance"" Infocenter (CSV export)"
2018,Davis,Humanities,22823.97667,"""Net cost of attendance"" Infocenter (CSV export)"
2015,Irvine,Humanities,19935.76683,"""Net cost of attendance"" Infocenter (CSV export)"
2016,Irvine,Humanities,21196.68781,"""Net cost of attendance"" Infocenter (CSV export)"
2017,Irvine,Humanities,23315.57824,"""Net cost of attendance"" Infocenter (CSV export)"
2018,Irvine,Humanities,22239.50988,"""Net cost of attendance"" Infocenter (CSV export)"
2015,Los Angeles,Humanities,22539.32988,"""Net cost of attendance"" Infocenter (CSV export)"
2016,Los Angeles,Humanities,24782.53002,"""Net cost of attendance"" Infocenter (CSV export)"
2017,Los Angeles,Humanities,26693.6878,"""Net cost of attendance"" Infocenter (CSV export)"
2018,Los Angeles,Humanities,27887.14782,"""Net cost of attendance"" Infocenter (CSV export)"
2015,Merced,Humanities,21267.24912,"""Net cost of attendance"" Infocenter (CSV export)"
2016,Merced,Humanities,22976.58955,"""Net cost of attendance"" Infocenter (CSV export)"
2017,Merced,Humanities,22975.91425,"""Net cost of attendance"" Infocenter (CSV export)"
2018,Merced,Humanities,22492.87358,"""Net cost of attendance"" Infocenter (CSV export)"
2015,Riverside,Humanities,17522.47874,"""Net cost of attendance"" Infocenter (CSV export)"
2016,Riverside,Humanities,19715.72171,"""Net cost of attendance"" Infocenter (CSV export)"
2017,Riverside,Humanities,20909.90451,"""Net cost of attendance"" Infocenter (CSV export)"
2018,Riverside,Humanities,20914.44204,"""Net cost of attendance"" Infocenter (CSV export)"
2015,San Diego,Humanities,19822.34329,"""Net cost of attendance"" Infocenter (CSV export)"
2016,San Diego,Humanities,22160.79316,"""Net cost of attendance"" Infocenter (CSV export)"
2017,San Diego,Humanities,21163.99187,"""Net cost of attendance"" Infocenter (CSV export)"
2018,San Diego,Humanities,22703.53692,"""Net cost of attendance"" Infocenter (CSV export)"
2015,Santa Barbara,Humanities,17893.68014,"""Net cost of attendance"" Infocenter (CSV export)"
2016,Santa Barbara,Humanities,20304.72055,"""Net cost of attendance"" Infocenter (CSV export)"
2017,Santa Barbara,Humanities,21880.42242,"""Net cost of attendance"" Infocenter (CSV export)"
2018,Santa Barbara,Humanities,22172.75799,"""Net cost of attendance"" Infocenter (CSV export)"
2015,Santa Cruz,Humanities,18359.74788,"""Net cost of attendance"" Infocenter (CSV export)"
2016,Santa Cruz,Humanities,18650.044,"""Net cost of attendance"" Infocenter (CSV export)"
2017,Santa Cruz,Humanities,20963.6595,"""Net cost of attendance"" Infocenter (CSV export)"
2018,Santa Cruz,Humanities,18582.0055,"""Net cost of attendance"" Infocenter (CSV export)"
2015,San Francisco,Humanities,11554.55857,"""Net cost of attendance"" Infocenter (CSV export)"
2016,San Francisco,Humanities,18072.83,"""Net cost of attendance"" Infocenter (CSV export)"
2017,San Francisco,Humanities,11499.99881,"""Net cost of attendance"" Infocenter (CSV export)"
2018,San Francisco,Humanities,28372.065,"""Net cost of attendance"" Infocenter (CSV export)"
2015,Berkeley,Life Sciences,28790.06447,"""Net cost of attendance"" Infocenter (CSV export)"
2016,Berkeley,Life Sciences,29884.94857,"""Net cost of attendance"" Infocenter (CSV export)"
2017,Berkeley,Life Sciences,31703.39332,"""Net cost of attendance"" Infocenter (CSV export)"
2018,Berkeley,Life Sciences,32888.39948,"""Net cost of attendance"" Infocenter (CSV export)"
2015,Davis,Life Sciences,23138.6959,"""Net cost of attendance"" Infocenter (CSV export)"
2016,Davis,Life Sciences,24245.32204,"""Net cost of attendance"" Infocenter (CSV export)"
2017,Davis,Life Sciences,24628.32926,"""Net cost of attendance"" Infocenter (CSV export)"
2018,Davis,Life Sciences,25949.34809,"""Net cost of attendance"" Infocenter (CSV export)"
2015,Irvine,Life Sciences,28911.44515,"""Net cost of attendance"" Infocenter (CSV export)"
2016,Irvine,Life Sciences,28994.40262,"""Net cost of attendance"" Infocenter (CSV export)"
2017,Irvine,Life Sciences,29451.86303,"""Net cost of attendance"" Infocenter (CSV export)"
2018,Irvine,Life Sciences,29972.86101,"""Net cost of attendance"" Infocenter (CSV export)"
2015,Los Angeles,Life Sciences,25906.55965,"""Net cost of attendance"" Infocenter (CSV export)"
2016,Los Angeles,Life Sciences,27804.11972,"""Net cost of attendance"" Infocenter (CSV export)"
2017,Los Angeles,Life Sciences,28681.92946,"""Net cost of attendance"" Infocenter (CSV export)"
2018,Los Angeles,Life Sciences,30609.22741,"""Net cost of attendance"" Infocenter (CSV export)"
2015,Merced,Life Sciences,22953.34142,"""Net cost of attendance"" Infocenter (CSV export)"
2016,Merced,Life Sciences,24276.78082,"""Net cost of attendance"" Infocenter (CSV export)"
2017,Merced,Life Sciences,25062.63536,"""Net cost of attendance"" Infocenter (CSV export)"
2018,Merced,Life Sciences,25849.19437,"""Net cost of attendance"" Infocenter (CSV export)"
2015,Riverside,Life Sciences,22060.65289,"""Net cost of attendance"" Infocenter (CSV export)"
2016,Riverside,Life Sciences,23255.85737,"""Net cost of attendance"" Infocenter (CSV export)"
2017,Riverside,Life Sciences,24255.65887,"""Net cost of attendance"" Infocenter (CSV export)"
2018,Riverside,Life Sciences,24359.8838,"""Net cost of attendance"" Infocenter (CSV export)"
2015,San Diego,Life Sciences,26528.31523,"""Net cost of attendance"" Infocenter (CSV export)"
2016,San Diego,Life Sciences,28389.2684,"""Net cost of attendance"" Infocenter (CSV export)"
2017,San Diego,Life Sciences,29174.03856,"""Net cost of attendance"" Infocenter (CSV export)"
2018,San Diego,Life Sciences,27608.13545,"""Net cost of attendance"" Infocenter (CSV export)"
2015,Santa Barbara,Life Sciences,24439.86016,"""Net cost of attendance"" Infocenter (CSV export)"
2016,Santa Barbara,Life Sciences,25510.52845,"""Net cost of attendance"" Infocenter (CSV export)"
2017,Santa Barbara,Life Sciences,26591.59136,"""Net cost of attendance"" Infocenter (CSV export)"
2018,Santa Barbara,Life Sciences,28405.89992,"""Net cost of attendance"" Infocenter (CSV export)"
2015,Santa Cruz,Life Sciences,21086.98998,"""Net cost of attendance"" Infocenter (CSV export)"
2016,Santa Cruz,Life Sciences,21403.20504,"""Net cost of attendance"" Infocenter (CSV export)"
2017,Santa Cruz,Life Sciences,23514.98108,"""Net cost of attendance"" Infocenter (CSV export)"
2018,Santa Cruz,Life Sciences,24015.27214,"""Net cost of attendance"" Infocenter (CSV export)"
2015,San Francisco,Life Sciences,32574.69014,"""Net cost of attendance"" Infocenter (CSV export)"
2016,San Francisco,Life Sciences,34835.46171,"""Net cost of attendance"" Infocenter (CSV export)"
2017,San Francisco,Life Sciences,32656.01642,"""Net cost of attendance"" Infocenter (CSV export)"
2018,San Francisco,Life Sciences,39526.57481,"""Net cost of attendance"" Infocenter (CSV export)"
2015,Berkeley,Physical Sciences,30030.25065,"""Net cost of attendance"" Infocenter (CSV export)"
2016,Berkeley,Physical Sciences,30192.87924,"""Net cost of attendance"" Infocenter (CSV export)"
2017,Berkeley,Physical Sciences,30557.02704,"""Net cost of attendance"" Infocenter (CSV export)"
2018,Berkeley,Physical Sciences,31660.95988,"""Net cost of attendance"" Infocenter (CSV export)"
2015,Davis,Physical Sciences,22483.96722,"""Net cost of attendance"" Infocenter (CSV export)"
2016,Davis,Physical Sciences,22763.7877,"""Net cost of attendance"" Infocenter (CSV export)"
2017,Davis,Physical Sciences,23600.49369,"""Net cost of attendance"" Infocenter (CSV export)"
2018,Davis,Physical Sciences,24651.61458,"""Net cost of attendance"" Infocenter (CSV export)"
2015,Irvine,Physical Sciences,25049.74645,"""Net cost of attendance"" Infocenter (CSV export)"
2016,Irvine,Physical Sciences,25046.10626,"""Net cost of attendance"" Infocenter (CSV export)"
2017,Irvine,Physical Sciences,26319.95658,"""Net cost of attendance"" Infocenter (CSV export)"
2018,Irvine,Physical Sciences,26336.11353,"""Net cost of attendance"" Infocenter (CSV export)"
2015,Los Angeles,Physical Sciences,27505.28045,"""Net cost of attendance"" Infocenter (CSV export)"
2016,Los Angeles,Physical Sciences,29411.34368,"""Net cost of attendance"" Infocenter (CSV export)"
2017,Los Angeles,Physical Sciences,29435.54262,"""Net cost of attendance"" Infocenter (CSV export)"
2018,Los Angeles,Physical Sciences,30473.77858,"""Net cost of attendance"" Infocenter (CSV export)"
2015,Merced,Physical Sciences,24054.87663,"""Net cost of attendance"" Infocenter (CSV export)"
2016,Merced,Physical Sciences,25099.09275,"""Net cost of attendance"" Infocenter (CSV export)"
2017,Merced,Physical Sciences,25497.13878,"""Net cost of attendance"" Infocenter (CSV export)"
2018,Merced,Physical Sciences,25463.44466,"""Net cost of attendance"" Infocenter (CSV export)"
2015,Riverside,Physical Sciences,21818.8816,"""Net cost of attendance"" Infocenter (CSV export)"
2016,Riverside,Physical Sciences,23343.71825,"""Net cost of attendance"" Infocenter (CSV export)"
2017,Riverside,Physical Sciences,24881.10609,"""Net cost of attendance"" Infocenter (CSV export)"
2018,Riverside,Physical Sciences,25834.7389,"""Net cost of attendance"" Infocenter (CSV export)"
2015,San Diego,Physical Sciences,26330.4413,"""Net cost of attendance"" Infocenter (CSV export)"
2016,San Diego,Physical Sciences,26537.68441,"""Net cost of attendance"" Infocenter (CSV export)"
2017,San Diego,Physical Sciences,26958.58951,"""Net cost of attendance"" Infocenter (CSV export)"
2018,San Diego,Physical Sciences,26721.52426,"""Net cost of attendance"" Infocenter (CSV export)"
2015,Santa Barbara,Physical Sciences,26419.6167,"""Net cost of attendance"" Infocenter (CSV export)"
2016,Santa Barbara,Physical Sciences,27335.82316,"""Net cost of attendance"" Infocenter (CSV export)"
2017,Santa Barbara,Physical Sciences,27591.28529,"""Net cost of attendance"" Infocenter (CSV export)"
2018,Santa Barbara,Physical Sciences,28027.05801,"""Net cost of attendance"" Infocenter (CSV export)"
2015,Santa Cruz,Physical Sciences,23122.09495,"""Net cost of attendance"" Infocenter (CSV export)"
2016,Santa Cruz,Physical Sciences,23910.60345,"""Net cost of attendance"" Infocenter (CSV export)"
2017,Santa Cruz,Physical Sciences,24853.04461,"""Net cost of attendance"" Infocenter (CSV export)"
2018,Santa Cruz,Physical Sciences,24970.59357,"""Net cost of attendance"" Infocenter (CSV export)"
2015,Berkeley,Social Sciences,25715.96842,"""Net cost of attendance"" Infocenter (CSV export)"
2016,Berkeley,Social Sciences,27881.39087,"""Net cost of attendance"" Infocenter (CSV export)"
2017,Berkeley,Social Sciences,28372.56216,"""Net cost of attendance"" Infocenter (CSV export)"
2018,Berkeley,Social Sciences,29815.35288,"""Net cost of attendance"" Infocenter (CSV export)"
2015,Davis,Social Sciences,21193.0969,"""Net cost of attendance"" Infocenter (CSV export)"
2016,Davis,Social Sciences,21261.77911,"""Net cost of attendance"" Infocenter (CSV export)"
2017,Davis,Social Sciences,21813.61831,"""Net cost of attendance"" Infocenter (CSV export)"
2018,Davis,Social Sciences,23214.44993,"""Net cost of attendance"" Infocenter (CSV export)"
2015,Irvine,Social Sciences,21842.04914,"""Net cost of attendance"" Infocenter (CSV export)"
2016,Irvine,Social Sciences,22706.02363,"""Net cost of attendance"" Infocenter (CSV export)"
2017,Irvine,Social Sciences,24648.746,"""Net cost of attendance"" Infocenter (CSV export)"
2018,Irvine,Social Sciences,24949.23676,"""Net cost of attendance"" Infocenter (CSV export)"
2015,Los Angeles,Social Sciences,21379.41155,"""Net cost of attendance"" Infocenter (CSV export)"
2016,Los Angeles,Social Sciences,23801.82505,"""Net cost of attendance"" Infocenter (CSV export)"
2017,Los Angeles,Social Sciences,25258.74462,"""Net cost of attendance"" Infocenter (CSV export)"
2018,Los Angeles,Social Sciences,24737.61478,"""Net cost of attendance"" Infocenter (CSV export)"
2015,Merced,Social Sciences,24729.46,"""Net cost of attendance"" Infocenter (CSV export)"
2016,Merced,Social Sciences,24824.78611,"""Net cost of attendance"" Infocenter (CSV export)"
2017,Merced,Social Sciences,25359.39333,"""Net cost of attendance"" Infocenter (CSV export)"
2018,Merced,Social Sciences,27029.79491,"""Net cost of attendance"" Infocenter (CSV export)"
2015,Riverside,Social Sciences,17129.29084,"""Net cost of attendance"" Infocenter (CSV export)"
2016,Riverside,Social Sciences,19246.60508,"""Net cost of attendance"" Infocenter (CSV export)"
2017,Riverside,Social Sciences,21214.04192,"""Net cost of attendance"" Infocenter (CSV export)"
2018,Riverside,Social Sciences,22347.2826,"""Net cost of attendance"" Infocenter (CSV export)"
2015,San Diego,Social Sciences,22645.84673,"""Net cost of attendance"" Infocenter (CSV export)"
2016,San Diego,Social Sciences,23688.03918,"""Net cost of attendance"" Infocenter (CSV export)"
2017,San Diego,Social Sciences,25146.26162,"""Net cost of attendance"" Infocenter (CSV export)"
2018,San Diego,Social Sciences,24651.78672,"""Net cost of attendance"" Infocenter (CSV export)"
2015,Santa Barbara,Social Sciences,15803.22527,"""Net cost of attendance"" Infocenter (CSV export)"
2016,Santa Barbara,Social Sciences,18478.16156,"""Net cost of attendance"" Infocenter (CSV export)"
2017,Santa Barbara,Social Sciences,21563.66302,"""Net cost of attendance"" Infocenter (CSV export)"
2018,Santa Barbara,Social Sciences,21342.50011,"""Net cost of attendance"" Infocenter (CSV export)"
2015,Santa Cruz,Social Sciences,16923.67003,"""Net cost of attendance"" Infocenter (CSV export)"
2016,Santa Cruz,Social Sciences,18318.98287,"""Net cost of attendance"" Infocenter (CSV export)"
2017,Santa Cruz,Social Sciences,20070.7859,"""Net cost of attendance"" Infocenter (CSV export)"
2018,Santa Cruz,Social Sciences,18626.66054,"""Net cost of attendance"" Infocenter (CSV export)"
2015,San Francisco,Social Sciences,14385.7079,"""Net cost of attendance"" Infocenter (CSV export)"
2016,San Francisco,Social Sciences,19421.33582,"""Net cost of attendance"" Infocenter (CSV export)"
2017,San Francisco,Social Sciences,13719.95478,"""Net cost of attendance"" Infocenter (CSV export)"
2018,San Francisco,Social Sciences,14172.49274,"""Net cost of attendance"" Infocenter (CSV export)"